매물번호,보증금,월세,층,위도,경도,주소,지하철역_거리(m),세탁소_거리(m),카페_거리(m),약국_거리(m),대형마트_거리(m),편의점_거리(m),버스정류장_거리(m)
47711839,200,30,2,35.8396585497473,128.756435134109,경상북도 경산시 조영동,495,173,54,74,2027,54,166
47711348,200,28,2,35.8400713261704,128.759110051194,경상북도 경산시 압량읍 부적리,704,397,78,75,2268,71,16
47711271,200,32,2,35.8399098694701,128.754437223397,경상북도 경산시 조영동,428,62,20,196,1872,114,139
47709109,200,30,3,35.8394776528494,128.753581859678,경상북도 경산시 조영동,362,31,0,193,1782,48,179
47708946,150,30,3,35.8408589934826,128.753735669256,경상북도 경산시 조영동,516,153,105,317,1861,133,26
47707969,200,33,4,35.8382044997829,128.754782238973,경상북도 경산시 조영동,276,130,20,24,1831,118,154
47707837,200,35,2,35.8402135342987,128.75631921638,경상북도 경산시 조영동,538,185,53,95,2040,79,161
47707530,200,37,3,35.8409388484148,128.755745886485,경상북도 경산시 조영동,580,94,43,185,2027,12,162
47707343,200,38,3,35.8392882215578,128.756432833482,경상북도 경산시 조영동,465,170,14,92,2012,14,188
47707306,300,42,2,35.8392882215578,128.756432833482,경상북도 경산시 조영동,465,170,14,92,2012,14,188
47706535,100,24,1,35.8396757827131,128.751891320114,경상북도 경산시 조영동,388,166,146,328,1653,33,235
47706325,100,27,3,35.83850842774,128.754524549134,경상북도 경산시 조영동,290,94,61,57,1821,114,180
47706321,200,30,3,35.8405656533684,128.756210997979,경상북도 경산시 조영동,565,152,41,126,2047,47,173
47706310,200,28,3,35.840091324207,128.759578183537,경상북도 경산시 압량읍 부적리,740,435,42,116,2309,83,58
47706308,100,27,1,35.8393620622802,128.752425370001,경상북도 경산시 조영동,345,111,89,268,1681,28,229
47706191,200,24,3,35.837721345709,128.757911649358,경상북도 경산시 조영동,483,353,124,178,2087,191,275
47706057,200,24,2,35.8398192414954,128.755083308001,경상북도 경산시 조영동,442,70,46,178,1921,54,177
47705829,150,26,4,35.8391053339633,128.754777404951,경상북도 경산시 조영동,359,35,85,102,1865,107,233
47705819,200,36,1,35.8386598910617,128.753933155839,경상북도 경산시 조영동,282,66,44,112,1776,62,185
47705733,200,32,3,35.8409388484148,128.755745886485,경상북도 경산시 조영동,580,94,43,185,2027,12,162
47705731,100,27,3,35.8394972694718,128.756193307234,경상북도 경산시 조영동,468,149,38,100,2000,38,194
47705330,100,22,2,35.8413709870081,128.751668195445,경상북도 경산시 임당동,576,299,195,465,1729,68,200
47704981,200,30,1,35.8386598910617,128.753933155839,경상북도 경산시 조영동,282,66,44,112,1776,62,185
47704739,200,33,3,35.8392882215578,128.756432833482,경상북도 경산시 조영동,465,170,14,92,2012,14,188
47704281,200,27,2,35.8401097306674,128.756300327019,경상북도 경산시 조영동,527,178,57,91,2034,70,164
47704088,100,22,3,35.8375630338451,128.759301887421,경상북도 경산시 조영동,598,472,57,231,2204,118,278
47702892,200,35,2,35.8398192414954,128.755083308001,경상북도 경산시 조영동,442,70,46,178,1921,54,177
47702182,100,25,2,35.841308593750014,128.75582885742233,경상북도 경산시 조영동,620,71,85,210,2052,49,169
47701405,200,33,2,35.8408652469186,128.756533569361,경상북도 경산시 조영동,608,151,77,134,2088,63,155
47699946,100,27,2,35.8389804903932,128.751216554929,경상북도 경산시 대동,335,220,111,306,1565,98,321
47699868,200,25,4,35.8405656533684,128.756210997979,경상북도 경산시 조영동,565,152,41,126,2047,47,173
47699836,200,37,3,35.8386709827854,128.757465920057,경상북도 경산시 조영동,493,273,99,84,2078,116,190
47698447,100,23,3,35.8425321797142,128.753533346217,경상북도 경산시 조영동,698,176,250,451,1940,77,159
47697655,200,30,3,35.8389685278027,128.758550172723,경상북도 경산시 조영동,594,363,116,67,2181,74,125
47696486,200,31,3,35.8394776528494,128.753581859678,경상북도 경산시 조영동,362,31,0,193,1782,48,179
47696318,200,29,2,35.8383699588863,128.757900399051,경상북도 경산시 조영동,511,321,123,106,2105,163,209
47696113,100,25,2,35.8387264464304,128.754441812874,경상북도 경산시 조영동,308,71,67,79,1822,96,201
47696037,100,23,3,35.8404514769857,128.753410400474,경상북도 경산시 조영동,467,140,99,289,1814,120,80
47695896,100,17,3,35.8399191547025,128.75240564293,경상북도 경산시 조영동,407,137,117,304,1707,57,183
47695315,200,30,2,35.8380546183089,128.752783830773,경상북도 경산시 대동,198,149,63,133,1656,54,149
47694730,6000,15,3,35.8389481016936,128.75469625201146,경상북도 경산시 조영동,340,47,74,87,1852,113,231
47694697,200,30,4,35.8407644449356,128.756654522964,경상북도 경산시 조영동,605,167,62,119,2093,75,140
47694651,150,29,2,35.8388113370615,128.754342753278,경상북도 경산시 조영동,312,64,54,92,1817,85,207
47693871,50,15,2,35.8395515831383,128.753245835575,경상북도 경산시 조영동,366,52,31,220,1757,58,177
47693808,200,40,2,35.8386841149951,128.758797655206,경상북도 경산시 조영동,599,390,78,105,2193,89,152
47690687,100,30,2,35.8409622597752,128.752445193237,경상북도 경산시 임당동,522,223,194,385,1765,19,128
47690236,70,19,2,35.8434670490915,128.752937582653,경상북도 경산시 조영동,800,285,284,562,1956,171,275
47690125,100,22,2,35.840096880667,128.751044328208,경상북도 경산시 임당동,455,254,233,408,1608,121,276
47689982,200,32,2,35.8396628321723,128.752390043449,경상북도 경산시 조영동,379,124,109,289,1693,32,205
47689866,200,42,3,35.8386709827854,128.757465920057,경상북도 경산시 조영동,493,273,99,84,2078,116,190
47689562,200,30,3,35.8415726717686,128.757627336635,경상북도 경산시 압량읍 부적리,729,224,117,164,2210,31,122
47688985,200,33,4,35.8372434676934,128.752385623606,경상북도 경산시 대동,116,246,32,96,1593,105,130
47687718,200,30,2,35.8373442163176,128.751458465619,경상북도 경산시 대동,173,285,38,177,1517,105,215
47687333,100,22,1,35.8385434885277,128.754412993608,경상북도 경산시 조영동,288,91,70,68,1812,104,180
47687050,200,32,4,35.8387302961033,128.755171531912,경상북도 경산시 조영동,343,89,34,58,1884,117,222
47685804,100,20,3,35.8381154476728,128.754728152999,경상북도 경산시 조영동,265,139,21,31,1824,107,143
47685801,200,32,2,35.8409524353182,128.756665752015,경상북도 경산시 조영동,623,157,82,138,2102,75,148
47685797,200,30,4,35.8369375397417,128.752292685289,경상북도 경산시 대동,89,280,51,93,1575,108,136
47685795,150,27,4,35.8408197089072,128.755382805088,경상북도 경산시 조영동,554,92,45,202,1992,41,133
47685790,200,38,1,35.8390467236721,128.753224541774,경상북도 경산시 조영동,310,41,21,188,1733,21,232
47685433,200,38,2,35.8390467236721,128.753224541774,경상북도 경산시 조영동,310,41,21,188,1733,21,232
47685420,200,27,1,35.840129470245,128.752455534077,경상북도 경산시 조영동,430,148,125,316,1721,80,164
47685412,150,32,2,35.8410454705292,128.755633581429,경상북도 경산시 조영동,586,78,56,200,2023,27,151
47685397,200,30,2,35.8385084277393,128.754524549135,경상북도 경산시 조영동,290,94,61,57,1821,114,180
47685383,200,31,2,35.8392551954616,128.753653877076,경상북도 경산시 조영동,339,6,11,171,1778,28,202
47684314,150,30,2,35.8382278221322,128.757877784884,경상북도 경산시 조영동,502,325,122,122,2099,174,224
47684292,100,22,2,35.8398574463641,128.75104470873,경상북도 경산시 대동,430,245,208,387,1595,108,287
47683422,200,31,3,35.8394776528494,128.753581859678,경상북도 경산시 조영동,362,31,0,193,1782,48,179
47683082,200,30,2,35.8408817488998,128.753960832477,경상북도 경산시 조영동,522,135,97,312,1880,135,23
47682531,100,30,2,35.8384558973505,128.75450568527,경상북도 경산시 조영동,284,100,58,56,1817,116,174
47682520,100,30,2,35.83850842774,128.754524549134,경상북도 경산시 조영동,290,94,61,57,1821,114,180
47682497,100,30,2,35.8378143531169,128.751506539883,경상북도 경산시 대동,210,247,37,197,1538,62,226
47682411,100,25,1,35.8393915726955,128.753676025275,경상북도 경산시 조영동,354,21,13,180,1786,42,187
47682248,200,30,2,35.8405656533677,128.75621099798,경상북도 경산시 조영동,565,152,41,126,2047,47,173
47681435,150,30,1,35.8388113370615,128.754342753278,경상북도 경산시 조영동,312,64,54,92,1817,85,207
47681399,200,40,1,35.8395802688636,128.752860895366,경상북도 경산시 조영동,367,82,66,249,1727,67,188
47680947,200,40,1,35.8373416662741,128.751157397615,경상북도 경산시 대동,194,305,12,203,1491,113,241
47680315,200,35,2,35.8385715940321,128.758235413381,경상북도 경산시 조영동,548,343,105,88,2140,126,176
47678964,200,30,2,35.8380704794718,128.756572093403,경상북도 경산시 조영동,390,232,36,138,1981,125,250
47678264,300,50,2,35.840142938647,128.753928516271,경상북도 경산시 조영동,441,104,44,237,1841,128,103
47677441,200,30,3,35.8382375042062,128.75924175123,경상북도 경산시 조영동,615,441,18,168,2217,59,203
47677388,200,30,2,35.8382375042062,128.75924175123,경상북도 경산시 조영동,615,441,18,168,2217,59,203
47677268,200,30,2,35.8392954893512,128.758806395796,경상북도 경산시 압량읍 부적리,633,383,141,78,2214,34,84
47677141,300,45,4,35.8392954893512,128.758806395796,경상북도 경산시 압량읍 부적리,633,383,141,78,2214,34,84
47677018,100,20,2,35.8413709870081,128.751668195445,경상북도 경산시 임당동,576,299,195,465,1729,68,200
47676805,200,30,3,35.8388317018315,128.75313902133,경상북도 경산시 조영동,285,61,19,185,1717,38,212
47676591,200,40,2,35.8393226755748,128.753160894204,경상북도 경산시 조영동,340,45,39,210,1740,39,204
47676426,500,45,2,35.8372289660536,128.751736359274,경상북도 경산시 대동,146,279,49,149,1537,107,188
47676415,150,27,2,35.8401549629342,128.754067782585,경상북도 경산시 조영동,445,99,32,233,1853,133,103
47676237,100,22,2,35.8395490262595,128.752624371781,경상북도 경산시 조영동,364,99,86,264,1706,45,202
47676031,200,27,1,35.8391617112148,128.752736367882,경상북도 경산시 조영동,321,81,55,233,1698,63,235
47674452,200,37,3,35.8386709827854,128.757465920057,경상북도 경산시 조영동,493,273,99,84,2078,116,190
47674357,100,29,2,35.838989834665,128.752936215772,경상북도 경산시 조영동,302,68,32,209,1707,47,235
47674323,80,22,2,35.8407889143547,128.752819873854,경상북도 경산시 임당동,502,191,161,350,1785,56,99
47670229,100,17,3,35.8399191547018,128.75240564293,경상북도 경산시 조영동,407,137,117,304,1707,57,183
47669823,200,30,3,35.8396585497466,128.756435134109,경상북도 경산시 조영동,495,173,54,74,2027,54,166
47669787,100,20,1,35.8378143531176,128.751506539883,경상북도 경산시 대동,210,247,37,197,1538,62,226
47669709,200,30,4,35.8391661800249,128.754954929831,경상북도 경산시 조영동,373,42,86,106,1883,91,233
47669315,200,35,2,35.8393226755741,128.753160894204,경상북도 경산시 조영동,340,45,39,210,1740,39,204
47669311,200,31,3,35.8391617112148,128.752736367882,경상북도 경산시 조영동,321,81,55,233,1698,63,235
47669064,200,32,2,35.8373442163169,128.75145846562,경상북도 경산시 대동,173,285,38,177,1517,105,215
47668584,200,36,2,35.8369375397417,128.752292685289,경상북도 경산시 대동,89,280,51,93,1575,108,136
47667509,100,22,1,35.8419969790893,128.751947577142,경상북도 경산시 임당동,641,291,183,505,1788,75,192
47667419,70,18,2,35.8365245478869,128.751798777478,경상북도 경산시 대동,99,341,37,141,1520,159,188
47667313,300,38,3,35.8394648949222,128.753344636342,경상북도 경산시 조영동,357,39,21,207,1761,46,184
47667142,150,30,3,35.8402130227582,128.754078246785,경상북도 경산시 조영동,451,104,33,239,1856,140,97
47666860,200,40,3,35.8434105769391,128.754836732304,경상북도 경산시 조영동,813,200,164,456,2092,200,264
47666767,200,30,3,35.8402527935126,128.755895883513,경상북도 경산시 조영동,520,157,35,131,2007,61,199
47666700,150,29,2,35.837971403456,128.758915493752,경상북도 경산시 조영동,578,422,30,174,2181,101,231
47666518,200,34,2,35.838264238299,128.750483351361,경상북도 경산시 대동,308,303,116,302,1472,18,330
47665569,100,20,2,35.842516156933,128.754451803174,경상북도 경산시 조영동,709,117,167,393,2009,117,159
47665355,200,27,3,35.8388317018315,128.75313902133,경상북도 경산시 조영동,285,61,19,185,1717,38,212
47664337,200,30,2,35.8401097306666,128.756300327019,경상북도 경산시 조영동,527,178,57,91,2034,70,164
47664310,4000,0,3,35.841113024443,128.75324147074,경상북도 경산시 임당동,539,180,155,361,1836,92,56
47664127,200,32,2,35.8366179531035,128.751684190437,경상북도 경산시 대동,112,337,23,149,1513,166,195
47663979,200,42,4,35.8386841149951,128.758797655206,경상북도 경산시 조영동,599,390,78,105,2193,89,152
47663963,150,33,3,35.8410454705284,128.755633581429,경상북도 경산시 조영동,586,78,56,200,2023,27,151
47663896,100,24,3,35.8396372080342,128.753145793831,경상북도 경산시 조영동,375,65,43,233,1753,70,172
47663469,200,33,4,35.8386866609938,128.757749354472,경상북도 경산시 조영동,516,298,124,73,2102,138,182
47663218,200,25,4,35.8410480446987,128.75739895464,경상북도 경산시 압량읍 부적리,670,214,92,124,2167,33,104
47662984,100,30,2,35.8410914635926,128.752310471508,경상북도 경산시 임당동,538,242,213,404,1762,15,140
47656038,100,25,3,35.8390693619185,128.755179556455,경상북도 경산시 조영동,374,65,72,96,1898,86,252
47655983,100,23,3,35.840679437334,128.756841563018,경상북도 경산시 조영동,607,186,49,104,2104,66,121
47655920,100,23,1,35.8398574463641,128.75104470873,경상북도 경산시 대동,430,245,208,387,1595,108,287
47654597,200,30,3,35.8373442163176,128.751458465619,경상북도 경산시 대동,173,285,38,177,1517,105,215
47654554,100,23,2,35.8428325198086,128.753811441547,경상북도 경산시 조영동,734,180,227,457,1980,119,188
47654526,200,36,1,35.8395802688636,128.752860895366,경상북도 경산시 조영동,367,82,66,249,1727,67,188
47654487,100,30,2,35.8396757827131,128.751891320114,경상북도 경산시 조영동,388,166,146,328,1653,33,235
47654391,100,22,1,35.8393915726955,128.753676025275,경상북도 경산시 조영동,354,21,13,180,1786,42,187
47653151,100,20,2,35.8418802910115,128.750599454567,경상북도 경산시 임당동,655,397,87,572,1681,62,100
47652660,150,25,3,35.84105300903321,128.75256347656295,경상북도 경산시 임당동,532,227,198,387,1780,31,117
47652651,200,26,2,35.8391053565248,128.751156772356,경상북도 경산시 대동,350,224,126,319,1566,97,327
47652509,150,30,1,35.8409198102764,128.753495524023,경상북도 경산시 조영동,519,168,124,332,1845,114,37
47651129,200,27,2,35.8396585497473,128.756435134109,경상북도 경산시 조영동,495,173,54,74,2027,54,166
47650557,200,36,2,35.8373416662741,128.751157397615,경상북도 경산시 대동,194,305,12,203,1491,113,241
47649938,200,33,2,35.8372434676927,128.752385623607,경상북도 경산시 대동,116,246,32,96,1593,105,130
47649148,100,32,2,35.8393620622795,128.752425370001,경상북도 경산시 조영동,345,111,89,268,1681,28,229
47649077,100,23,1,35.8396364764127,128.755997171813,경상북도 경산시 조영동,469,134,59,113,1989,31,203
47648831,200,32,3,35.8392882215571,128.756432833482,경상북도 경산시 조영동,465,170,14,92,2012,14,188
47648795,150,27,4,35.8398180114622,128.756641064943,경상북도 경산시 조영동,521,195,53,54,2051,75,142
47648160,100,27,3,35.8378143531176,128.751506539883,경상북도 경산시 대동,210,247,37,197,1538,62,226
47647350,200,34,3,35.8409388484148,128.755745886485,경상북도 경산시 조영동,580,94,43,185,2027,12,162
47645093,150,30,2,35.8393256084919,128.75253988499364,경상북도 경산시 조영동,340,100,80,257,1689,39,227
47645078,200,40,1,35.8395787535851,128.752859755329,경상북도 경산시 조영동,367,82,66,249,1727,67,188
47644966,100,23,4,35.840786196475506,128.75717593033517,경상북도 경산시 압량읍 부적리,635,206,65,110,2137,35,99
47644943,100,27,3,35.839391954056,128.75367459498466,경상북도 경산시 조영동,354,21,13,180,1785,42,187
47644927,100,25,3,35.839244850212005,128.75263992343514,경상북도 경산시 조영동,331,90,68,245,1694,51,231
47644892,100,25,3,35.840786196475506,128.75717593033517,경상북도 경산시 압량읍 부적리,635,206,65,110,2137,35,99
47644844,100,23,1,35.8413136850578,128.751401765899,경상북도 경산시 임당동,575,309,182,476,1705,85,194
47644640,200,35,2,35.8405597781913,128.755774494495,경상북도 경산시 조영동,544,132,2,157,2011,34,176
47644346,200,29,1,35.8395802688636,128.752860895366,경상북도 경산시 조영동,367,82,66,249,1727,67,188
47644329,200,31,1,35.8391617112148,128.752736367882,경상북도 경산시 조영동,321,81,55,233,1698,63,235
47644135,500,45,4,35.8395670517369,128.756542236264,경상북도 경산시 조영동,494,181,46,68,2032,46,162
47643957,200,40,2,35.8393226755748,128.753160894204,경상북도 경산시 조영동,340,45,39,210,1740,39,204
47643908,100,25,3,35.8408197089072,128.755382805088,경상북도 경산시 조영동,554,92,45,202,1992,41,133
47643788,200,40,2,35.8393226755748,128.753160894204,경상북도 경산시 조영동,340,45,39,210,1740,39,204
47643669,100,24,3,35.8396372080349,128.75314579383,경상북도 경산시 조영동,375,65,43,233,1753,70,172
47643488,200,25,1,35.840091324207,128.759578183537,경상북도 경산시 압량읍 부적리,740,435,42,116,2309,83,58
47643405,200,30,2,35.8408042922797,128.756110901091,경상북도 경산시 조영동,583,127,42,151,2050,26,188
47643352,200,26,1,35.8399592628338,128.753424133811,경상북도 경산시 조영동,413,86,56,243,1791,100,129
47643348,70,21,2,35.8413709870074,128.751668195445,경상북도 경산시 임당동,576,299,195,465,1729,68,200
47643316,200,25,2,35.8415050540336,128.758356278472,경상북도 경산시 압량읍 부적리,764,290,92,145,2267,36,60
47643296,200,35,3,35.8384686912828,128.757748528632,경상북도 경산시 조영동,504,305,119,97,2095,149,206
47643182,100,25,1,35.8395490262588,128.752624371781,경상북도 경산시 조영동,364,99,86,264,1706,45,202
47643161,200,30,3,35.8400713261697,128.759110051194,경상북도 경산시 압량읍 부적리,704,397,78,75,2268,71,16
47643149,200,30,1,35.8398712495728,128.75211906128,경상북도 경산시 조영동,405,156,139,322,1681,46,206
47643100,150,28,3,35.8395699583325,128.756281785167,경상북도 경산시 조영동,479,158,43,90,2010,43,183
47642969,200,31,2,35.8388317018315,128.75313902133,경상북도 경산시 조영동,285,61,19,185,1717,38,212
47641273,200,26,2,35.8400713261704,128.759110051194,경상북도 경산시 압량읍 부적리,704,397,78,75,2268,71,16
47641168,150,25,2,35.8383699588863,128.757900399051,경상북도 경산시 조영동,511,321,123,106,2105,163,209
47641032,200,26,2,35.8422696486298,128.758855470916,경상북도 경산시 압량읍 부적리,858,343,151,235,2344,104,119
47640747,300,41,3,35.8392882215571,128.756432833482,경상북도 경산시 조영동,465,170,14,92,2012,14,188
47640705,200,29,2,35.8385060812861,128.759368089223,경상북도 경산시 조영동,637,444,50,157,2236,37,176
47640527,300,36,2,35.8401419079707,128.759453026634,경상북도 경산시 압량읍 부적리,734,422,47,104,2300,84,47
47640518,200,31,3,35.8409824681273,128.755831843447,경상북도 경산시 조영동,588,95,49,182,2036,13,169
47640401,200,27,3,35.8381181814187,128.752892687269,경상북도 경산시 대동,205,138,60,132,1667,48,149
47640310,300,31,2,35.8426857229954,128.759444477589,경상북도 경산시 압량읍 부적리,928,406,161,249,2412,94,59
47640071,150,26,2,35.8407644449349,128.756654522964,경상북도 경산시 조영동,605,167,62,119,2093,75,140
47639999,200,21,1,35.84213558141,128.75142160989,경상북도 경산시 임당동,664,340,133,545,1758,25,143
47639819,100,21,3,35.8431061792383,128.751539240503,경상북도 경산시 임당동,769,364,152,629,1831,106,147
47639806,300,31,2,35.8428434782253,128.759058944733,경상북도 경산시 압량읍 부적리,920,378,179,287,2389,69,95
47639769,200,26,3,35.8401419079707,128.759453026634,경상북도 경산시 압량읍 부적리,734,422,47,104,2300,84,47
47639749,200,29,3,35.8415726717679,128.757627336635,경상북도 경산시 압량읍 부적리,729,224,117,164,2210,31,122
47634495,200,32,2,35.8396628321723,128.752390043449,경상북도 경산시 조영동,379,124,109,289,1693,32,205
47634475,200,43,3,35.8389684806623,128.75269515277,경상북도 경산시 조영동,300,89,40,223,1686,48,240
47633723,200,31,2,35.8394956093357,128.759238550287,경상북도 경산시 압량읍 부적리,678,423,114,116,2258,11,67
47629472,200,40,2,35.8373416662741,128.751157397615,경상북도 경산시 대동,194,305,12,203,1491,113,241
47627940,100,22,3,35.8385750023731,128.754032105073,경상북도 경산시 조영동,277,78,56,100,1781,75,176
47627105,200,29,3,35.83932495117189,128.75253295898483,경상북도 경산시 조영동,340,101,80,258,1688,39,228
47625755,200,30,2,35.8379714034552,128.758915493752,경상북도 경산시 조영동,578,422,30,174,2181,101,231
47625606,300,50,4,35.8390348761498,128.757415294553,경상북도 경산시 조영동,513,260,98,57,2086,98,154
47624485,200,27,3,35.8388970552783,128.751475565832,경상북도 경산시 대동,317,198,94,282,1582,86,297
47624304,200,38,2,35.8387092461318,128.750561523475,경상북도 경산시 대동,341,283,128,325,1498,66,348
47624076,200,38,3,35.8389684806623,128.75269515277,경상북도 경산시 조영동,300,89,40,223,1686,48,240
47623307,200,33,4,35.8386866609946,128.757749354472,경상북도 경산시 조영동,516,298,124,73,2102,138,182
47623034,200,38,3,35.8395600746935,128.753491376099,경상북도 경산시 조영동,370,42,12,205,1778,55,171
47621782,300,55,4,35.83806215852456,128.7516798706624,경상북도 경산시 대동,225,218,7,202,1563,35,225
47618088,200,31,2,35.8410475632123,128.755613706736,경상북도 경산시 조영동,586,77,57,202,2022,29,149
47617934,150,29,1,35.8400571031729,128.752937790713,경상북도 경산시 조영동,420,114,87,279,1757,98,140
47617908,200,30,2,35.8384452926271,128.751378647701,경상북도 경산시 대동,275,221,53,251,1554,68,271
47617095,200,32,3,35.839801993885,128.754394784948,경상북도 경산시 조영동,416,51,32,186,1863,116,149
47615962,70,16,2,35.8407541005595,128.753278945171,경상북도 경산시 조영동,499,175,126,324,1820,97,63
47615705,70,22,1,35.8403923468347,128.753078083755,경상북도 경산시 조영동,458,141,112,300,1785,99,103
47615431,100,23,3,35.8420046547196,128.750648338535,경상북도 경산시 임당동,667,393,79,579,1693,51,92
47615225,200,27,3,35.8409805199581,128.753836842393,경상북도 경산시 조영동,530,138,111,326,1876,125,10
47614313,100,23,1,35.8419433633431,128.751638506761,경상북도 경산시 임당동,640,318,159,516,1762,52,169
47613198,200,38,2,35.8386281989666,128.754313930231,경상북도 경산시 조영동,293,84,65,80,1807,91,187
47613095,200,35,3,35.8392217870554,128.759495008596,경상북도 경산시 압량읍 부적리,682,358,130,140,2270,39,105
47611509,200,30,3,35.8392217870554,128.759495008596,경상북도 경산시 압량읍 부적리,682,358,130,140,2270,39,105
47610995,100,30,2,35.8395490262595,128.752624371781,경상북도 경산시 조영동,364,99,86,264,1706,45,202
47610353,150,33,1,35.8406172765717,128.753626980724,경상북도 경산시 조영동,488,157,92,296,1840,131,54
47609847,200,35,3,35.8395600746942,128.753491376098,경상북도 경산시 조영동,370,42,12,205,1778,55,171
47609724,150,34,1,35.8400571031729,128.752937790713,경상북도 경산시 조영동,420,114,87,279,1757,98,140
47609649,200,38,2,35.8394034958635,128.756597837356,경상북도 경산시 조영동,484,184,33,73,2030,33,168
47609569,200,30,3,35.840076312331,128.756958850487,경상북도 경산시 조영동,561,231,19,40,2088,96,106
47609530,200,40,2,35.8391053565248,128.751156772356,경상북도 경산시 대동,350,224,126,319,1566,97,327
47609288,200,27,3,35.8392217870554,128.759495008596,경상북도 경산시 압량읍 부적리,682,358,130,140,2270,39,105
47608858,200,40,2,35.8393226755741,128.753160894204,경상북도 경산시 조영동,340,45,41,210,1740,39,204
47608381,300,43,3,35.8404779001754,128.756894002318,경상북도 경산시 조영동,592,203,26,81,2100,69,110
47607381,200,25,3,35.8400763123303,128.756958850488,경상북도 경산시 조영동,561,231,19,40,2088,96,106
47607267,100,22,3,35.8382845661093,128.75295190369,경상북도 경산시 대동,223,120,47,145,1679,33,162
47606390,200,30,2,35.8391053565248,128.751156772356,경상북도 경산시 대동,350,224,126,319,1566,97,327
47604085,200,30,2,35.8391661800249,128.754954929831,경상북도 경산시 조영동,373,42,86,106,1883,91,233
47603745,100,27,2,35.8401896372745,128.755740881247,경상북도 경산시 조영동,507,141,37,142,1992,51,192
47603676,200,35,3,35.8373825488565,128.757509537547,경상북도 경산시 조영동,437,345,147,219,2042,226,303
47603524,200,35,2,35.8373825488565,128.757509537547,경상북도 경산시 조영동,437,345,147,219,2042,226,303
47603261,300,40,3,35.8393791203819,128.753442571656,경상북도 경산시 조영동,349,26,16,194,1766,35,191
47602941,100,20,2,35.8398574463648,128.751044708729,경상북도 경산시 대동,430,245,208,387,1595,108,287
47602897,500,45,4,35.8395670517369,128.756542236264,경상북도 경산시 조영동,494,181,46,68,2032,46,162
47601859,200,30,3,35.8386749013725,128.751291952268,경상북도 경산시 대동,302,220,78,275,1557,89,293
47599934,70,21,3,35.8407982750747,128.75388263138362,경상북도 경산시 조영동,511,146,92,306,1870,145,30
47599538,200,25,3,35.8411130244437,128.753241470739,경상북도 경산시 임당동,539,180,155,361,1836,92,56
47598786,200,40,1,35.8373416662734,128.751157397616,경상북도 경산시 대동,194,305,12,203,1491,113,241
47598719,200,30,2,35.8394956093357,128.759238550287,경상북도 경산시 압량읍 부적리,678,329,114,116,2258,11,67
47596117,200,40,1,35.8369234140052,128.752000770827,경상북도 경산시 대동,105,293,40,119,1550,134,162
47595859,200,39,4,35.8373416662734,128.751157397616,경상북도 경산시 대동,194,305,12,203,1491,113,241
47595658,200,29,2,35.8407867376239,128.755141590639,경상북도 경산시 조영동,542,93,62,218,1971,63,113
47595607,200,40,2,35.8391006216776,128.753933785512,경상북도 경산시 조영동,329,29,12,141,1794,43,219
47594084,300,40,2,35.8392882215571,128.756432833482,경상북도 경산시 조영동,465,170,14,92,2012,14,188
47590746,100,23,1,35.8387264464297,128.754441812874,경상북도 경산시 조영동,308,71,67,79,1822,96,201
47590744,400,40,2,35.8402548986317,128.754444159126,경상북도 경산시 조영동,465,100,18,233,1888,125,105
47590741,200,30,3,35.8381484256469,128.752919691609,경상북도 경산시 대동,208,134,61,134,1671,45,150
47590734,200,29,3,35.8399884143587,128.759418316543,경상북도 경산시 압량읍 부적리,721,273,60,104,2291,67,44
47590689,100,29,2,35.8401896372752,128.755740881247,경상북도 경산시 조영동,507,141,37,142,1992,51,192
47590471,100,21,2,35.8374737169349,128.75181633051,경상북도 경산시 대동,163,253,67,153,1552,79,186
47590418,200,32,3,35.838730296104,128.755171531912,경상북도 경산시 조영동,343,89,34,58,1884,117,222
47589418,200,35,3,35.8382540618809,128.759581754762,경상북도 경산시 조영동,645,466,38,190,2247,37,208
47588727,100,28,2,35.8387298241828,128.752191231219,경상북도 경산시 대동,279,141,73,225,1633,56,241
47588628,150,26,1,35.8393894880839,128.752824713704,경상북도 경산시 조영동,346,76,69,239,1715,63,209
47588591,100,22,3,35.838747772566,128.757877639193,경상북도 경산시 조영동,529,307,137,64,2115,137,173
47588026,150,27,3,35.837971403456,128.758915493752,경상북도 경산시 조영동,578,422,30,174,2181,101,231
47587985,200,30,4,35.8382540618816,128.759581754762,경상북도 경산시 조영동,645,466,38,190,2247,37,208
47587958,200,25,3,35.8429280801082,128.755610114606,경상북도 경산시 조영동,780,151,76,377,2122,140,248
47587920,500,45,4,35.8395670517369,128.756542236264,경상북도 경산시 조영동,494,181,46,68,2032,46,162
47587906,200,32,2,35.8382540618816,128.759581754762,경상북도 경산시 조영동,645,466,38,190,2247,37,208
47587817,200,32,2,35.8407644449356,128.756654522964,경상북도 경산시 조영동,605,167,62,119,2093,75,140
47587784,100,28,3,35.8400589135429,128.756077977503,경상북도 경산시 조영동,511,158,62,108,2014,51,184
47580373,200,25,1,35.8385426361364,128.750969103647,경상북도 경산시 대동,304,252,87,285,1524,70,307
47578802,100,25,3,35.8379795561608,128.758420107382,경상북도 경산시 조영동,536,381,73,155,2138,137,235
47578255,200,31,1,35.8398698692778,128.752121022971,경상북도 경산시 조영동,405,156,139,322,1681,46,206
47577645,300,37,2,35.8425554903905,128.759378184807,경상북도 경산시 압량읍 부적리,913,26,151,247,2400,106,67
47577569,150,27,3,35.8408197089065,128.755382805088,경상북도 경산시 조영동,554,92,45,202,1992,41,133
47577434,200,26,2,35.840091324207,128.759578183537,경상북도 경산시 압량읍 부적리,740,261,42,116,2309,83,58
47577395,200,27,1,35.8389809379283,128.754144629484,경상북도 경산시 조영동,322,52,30,118,1807,63,222
47575928,100,17,2,35.8379467530967,128.759386611555,경상북도 경산시 조영동,617,463,21,201,2222,76,237
47575912,3500,0,3,35.8430564188446,128.75104597843594,경상북도 경산시 임당동,771,379,111,648,1793,95,103
47575892,150,32,2,35.8392444310931,128.751710960439,경상북도 경산시 대동,346,174,130,296,1617,45,280
47574867,300,32,4,35.8409652299403,128.755439023677,경상북도 경산시 조영동,571,78,55,207,2003,38,134
47574586,200,30,1,35.83965570725316,128.75239663753862,경상북도 경산시 조영동,378,123,108,288,1693,32,205
47571349,150,28,1,35.8406172765717,128.753626980724,경상북도 경산시 조영동,488,157,92,296,1840,131,54
47571180,200,35,2,35.8405402920606,128.753542504211,경상북도 경산시 조영동,478,149,93,292,1829,127,65
47571131,200,32,3,35.8409805199581,128.753836842393,경상북도 경산시 조영동,530,138,111,326,1876,125,10
47570984,100,30,2,35.8405315896811,128.754089246444,경상북도 경산시 조영동,486,137,57,272,1873,154,63
47570927,200,34,2,35.8382642382997,128.750483351361,경상북도 경산시 대동,308,303,116,302,1472,18,330
47570277,200,25,3,35.840345544790175,128.755758483703,경상북도 경산시 조영동,523,153,23,146,2000,58,184
47569644,100,23,3,35.8420046547196,128.750648338535,경상북도 경산시 임당동,667,393,79,579,1693,51,92
47569577,100,25,1,35.8413301146988,128.751826221106,경상북도 경산시 임당동,570,287,209,452,1739,55,185
47569529,70,16,1,35.8411134757347,128.752141960586,경상북도 경산시 임당동,542,252,224,415,1750,18,155
47569137,200,35,3,35.8382540618816,128.759581754762,경상북도 경산시 조영동,645,466,38,190,2247,37,208
47569048,100,20,2,35.839984278048,128.752821423437,경상북도 경산시 조영동,412,114,89,281,1744,85,152
47569037,200,28,4,35.8382044997829,128.754782238973,경상북도 경산시 조영동,276,130,20,24,1831,118,154
47569018,100,20,2,35.8381154476728,128.754728152999,경상북도 경산시 조영동,265,139,21,31,1824,107,143
47569015,200,28,3,35.8388961375337,128.754243691486,경상북도 경산시 조영동,317,58,42,105,1812,73,215
47568987,200,33,3,35.8407644449356,128.756654522964,경상북도 경산시 조영동,605,167,62,119,2093,75,140
47568985,200,29,2,35.838730296104,128.755171531912,경상북도 경산시 조영동,343,89,34,58,1884,117,222
47567041,300,31,3,35.841507849885105,128.7583561188615,경상북도 경산시 압량읍 부적리,764,155,92,145,2267,36,60
47566397,100,20,3,35.8385547521831,128.7537958261,경상북도 경산시 조영동,267,74,55,119,1761,64,173
47560410,200,30,1,35.8385426361364,128.750969103647,경상북도 경산시 대동,304,252,87,285,1524,70,307
47558994,100,20,4,35.8398577816398,128.756361616046,경상북도 경산시 조영동,508,172,65,79,2029,63,164
47557637,200,25,2,35.8402433794735,128.756656975568,경상북도 경산시 조영동,558,206,23,72,2070,101,130
47557618,200,28,2,35.8401738381707,128.756716863726,경상북도 경산시 조영동,556,215,19,63,2072,102,125
47556882,200,30,3,35.8399592628338,128.753424133811,경상북도 경산시 조영동,413,86,56,243,1791,100,129
47556577,100,30,3,35.8383798984353,128.754983091078,경상북도 경산시 조영동,302,115,20,19,1855,144,179
47556456,100,29,3,35.8390759800663,128.753461241684,경상북도 경산시 조영동,316,21,32,172,1754,2,224
47556406,70,21,3,35.8408015099694,128.75388325596,경상북도 경산시 조영동,512,146,92,306,1870,145,30
47556393,200,40,2,35.8369375397417,128.752292685289,경상북도 경산시 대동,89,280,51,93,1575,108,136
47556392,200,39,1,35.8393226755748,128.753160894204,경상북도 경산시 조영동,340,45,41,210,1740,39,204
47556374,200,31,2,35.8388614533287,128.753619644237,경상북도 경산시 조영동,295,38,27,147,1758,27,208
47556219,200,30,2,35.8405402920606,128.753542504211,경상북도 경산시 조영동,478,149,93,292,1829,127,65
47556174,200,28,3,35.8379810484763,128.753082894221,경상북도 경산시 대동,191,145,37,110,1678,68,127
47556073,200,26,2,35.840091324207,128.759578183537,경상북도 경산시 압량읍 부적리,740,261,42,116,2309,83,58
47555952,200,27,1,35.8430103122189,128.753706453475,경상북도 경산시 조영동,753,201,240,478,1983,132,209
47555786,100,24,2,35.8374737169342,128.75181633051,경상북도 경산시 대동,163,253,67,153,1552,79,186
47555682,100,29,3,35.8431335643338,128.752658205491,경상북도 경산시 임당동,763,279,248,555,1913,139,245
47555652,500,46,4,35.8400068316197,128.756577056597,경상북도 경산시 조영동,533,196,40,64,2053,87,141
47555225,150,27,2,35.838369958887,128.757900399051,경상북도 경산시 조영동,511,321,123,106,2105,163,209
47555072,200,37,2,35.8398192414947,128.755083308001,경상북도 경산시 조영동,442,70,46,178,1921,54,177
47554735,100,30,2,35.8378143531176,128.751506539883,경상북도 경산시 대동,210,247,37,197,1538,62,226
47554534,100,27,2,35.8377223548954,128.759012471786,경상북도 경산시 조영동,578,441,43,202,2183,115,259
47553448,300,28,3,35.8425863621595,128.758937612332,경상북도 경산시 압량읍 부적리,890,65,174,271,2366,97,106
47553208,100,23,2,35.8398574463648,128.751044708729,경상북도 경산시 대동,430,245,208,387,1595,108,287
47552546,200,32,2,35.839801993885,128.754394784948,경상북도 경산시 조영동,416,51,32,186,1863,116,149
47552062,200,30,2,35.838827603984,128.754715952571,경상북도 경산시 조영동,329,61,63,74,1849,117,219
47551818,200,30,3,35.8388614533287,128.753619644237,경상북도 경산시 조영동,295,38,27,147,1758,27,208
47550905,200,30,3,35.8397077526845,128.758775657962,경상북도 경산시 압량읍 부적리,656,314,116,70,2226,46,40
47549836,200,40,2,35.8391006216776,128.753933785512,경상북도 경산시 조영동,329,29,12,141,1794,43,219
47549630,100,22,1,35.8402118161182,128.752561707738,경상북도 경산시 조영동,438,148,123,315,1734,89,151
47549559,200,30,3,35.8382375042062,128.75924175123,경상북도 경산시 조영동,615,441,18,168,2217,59,203
47549416,200,30,2,35.8392954893512,128.758806395796,경상북도 경산시 압량읍 부적리,633,358,141,78,2214,34,84
47549165,100,30,2,35.8391409857955,128.752495428901,경상북도 경산시 조영동,320,103,66,248,1677,48,247
47549026,100,30,2,35.8382991950801,128.754091989617,경상북도 경산시 조영동,251,109,43,87,1776,102,147
47548992,150,23,1,35.8401962786315,128.752786690186,경상북도 경산시 조영동,436,134,107,300,1751,99,137
47548901,200,25,2,35.8391162251672,128.751771111457,경상북도 경산시 대동,331,169,116,282,1616,50,287
47548852,150,28,1,35.8406172765717,128.753626980724,경상북도 경산시 조영동,488,157,92,296,1840,131,54
47548813,200,25,4,35.8387121922086,128.751521744344,경상북도 경산시 대동,296,199,74,265,1577,78,280
47548669,150,29,1,35.8400571031729,128.752937790713,경상북도 경산시 조영동,420,114,87,279,1757,98,140
47547462,100,30,1,35.8389436318998,128.758964296994,경상북도 경산시 조영동,625,394,99,101,2215,57,123
47547451,70,19,2,35.84035080031026,128.75515212652513,경상북도 경산시 조영동,498,123,25,198,1951,83,139
47546479,200,30,3,35.8400713261704,128.759110051194,경상북도 경산시 압량읍 부적리,704,268,78,75,2268,71,16
47546015,200,36,2,35.8392730233987,128.750868403338,경상북도 경산시 대동,378,250,155,351,1551,116,335
47545932,200,30,2,35.840366392,128.754282048211,경상북도 경산시 조영동,473,115,33,249,1880,144,87
47545655,200,28,2,35.8397707966362,128.751369721666,경상북도 경산시 대동,411,214,188,362,1616,77,267
47544817,100,25,2,35.8405315896811,128.754089246444,경상북도 경산시 조영동,486,137,57,272,1873,154,63
47542572,300,48,3,35.8389536453154,128.757300952725,경상북도 경산시 조영동,499,252,90,71,2073,90,166
47541631,150,28,4,35.8391053339633,128.754777404951,경상북도 경산시 조영동,359,35,85,102,1865,107,233
47540962,100,30,2,35.8397479989824,128.753278711618,경상북도 경산시 조영동,388,69,41,233,1769,78,156
47540812,200,27,3,35.8409805199581,128.753836842393,경상북도 경산시 조영동,530,138,111,326,1876,125,10
47538072,150,28,2,35.83881818767316,128.75470667036274,경상북도 경산시 조영동,328,62,63,74,1848,116,218
47536129,200,35,2,35.8381181814194,128.752892687269,경상북도 경산시 대동,205,138,60,132,1667,48,149
47536094,100,28,2,35.8398574463648,128.751044708729,경상북도 경산시 대동,430,245,208,387,1595,108,287
47536007,200,40,2,35.8369375397417,128.752292685289,경상북도 경산시 대동,89,280,51,93,1575,108,136
47535228,200,26,4,35.8399538443085,128.759742146958,경상북도 경산시 압량읍 부적리,743,277,48,133,2318,79,73
47535035,150,33,2,35.8378024582009,128.754433967554,경상북도 경산시 조영동,221,172,14,72,1788,63,103
47535014,100,32,2,35.8395320698366,128.751068100556,경상북도 경산시 대동,396,235,173,358,1580,97,304
47534910,200,39,4,35.8407644449356,128.756654522964,경상북도 경산시 조영동,605,167,62,119,2093,75,140
47534796,200,39,3,35.8384686912828,128.757748528632,경상북도 경산시 조영동,504,305,119,97,2095,149,206
47533224,150,26,2,35.8397815652292,128.7522565321,경상북도 경산시 조영동,393,140,124,306,1688,38,203
47533131,100,26,1,35.84301041525571,128.75370557036155,경상북도 경산시 조영동,753,201,240,478,1983,132,209
47533045,100,27,2,35.840135935265444,128.7570287810217,경상북도 경산시 조영동,571,238,16,42,2096,87,98
47532970,200,35,3,35.838894794208755,128.75513775070092,경상북도 경산시 조영동,356,74,53,76,1887,105,237
47532866,200,26,2,35.8401097306666,128.756300327019,경상북도 경산시 조영동,527,178,57,91,2034,70,164
47532762,500,50,4,35.8395670517369,128.756542236264,경상북도 경산시 조영동,494,181,46,68,2032,46,162
47532728,200,31,2,35.8391661800242,128.754954929831,경상북도 경산시 조영동,373,42,86,106,1883,91,233
47532617,200,29,3,35.8394034958628,128.756597837356,경상북도 경산시 조영동,484,184,33,73,2030,33,168
47532349,200,35,1,35.8393211364746,128.7531585693364,경상북도 경산시 조영동,340,45,42,210,1740,39,204
47531163,100,22,2,35.8405315896811,128.754089246444,경상북도 경산시 조영동,486,137,57,272,1873,154,63
47529889,150,26,1,35.8399191547018,128.75240564293,경상북도 경산시 조영동,407,137,117,304,1707,57,183
47529877,150,27,2,35.8399191547025,128.75240564293,경상북도 경산시 조영동,407,137,117,304,1707,57,183
47529816,200,30,3,35.8388276039833,128.754715952571,경상북도 경산시 조영동,329,61,63,74,1849,117,219
47529693,200,32,3,35.8388614533287,128.753619644237,경상북도 경산시 조영동,295,38,27,147,1758,27,208
47529487,200,35,2,35.8373416662741,128.751157397615,경상북도 경산시 대동,194,305,12,203,1491,113,241
47529417,100,30,3,35.8383920013254,128.750836975363,경상북도 경산시 대동,297,268,89,284,1507,51,309
47529403,200,32,2,35.8396628321723,128.752390043449,경상북도 경산시 조영동,379,124,109,289,1693,32,205
47529090,200,29,3,35.837971403456,128.758915493752,경상북도 경산시 조영동,578,422,30,174,2181,101,231
47529038,100,25,4,35.8425461374421,128.758576814559,경상북도 경산시 압량읍 부적리,867,96,191,261,2335,95,138
47528023,200,40,2,35.8369375397417,128.752292685289,경상북도 경산시 대동,89,280,51,93,1575,108,136
47524995,200,27,2,35.8396585497466,128.756435134109,경상북도 경산시 조영동,495,173,54,74,2027,54,166
47520320,200,30,2,35.8405597781913,128.755774494495,경상북도 경산시 조영동,544,132,2,157,2011,34,176
47520052,300,45,2,35.8392882215578,128.756432833482,경상북도 경산시 조영동,465,170,14,92,2012,14,188
47518681,200,34,4,35.8407644449356,128.756654522964,경상북도 경산시 조영동,605,167,62,119,2093,75,140
47516733,200,30,3,35.8385159458577,128.752589467889,경상북도 경산시 대동,250,122,43,184,1658,15,201
47515701,150,30,1,35.8388113370622,128.754342753277,경상북도 경산시 조영동,312,64,54,92,1817,85,207
47515640,200,30,2,35.8405402920606,128.753542504211,경상북도 경산시 조영동,478,149,93,292,1829,127,65
47513964,200,35,3,35.8369375397417,128.752292685289,경상북도 경산시 대동,89,280,51,93,1575,108,136
47511427,200,25,1,35.8385426361364,128.750969103647,경상북도 경산시 대동,304,252,87,285,1524,70,307
47511179,150,28,3,35.8391053339633,128.754777404951,경상북도 경산시 조영동,359,35,85,102,1865,107,233
47510936,100,25,3,35.8375630338451,128.759301887421,경상북도 경산시 조영동,598,472,57,231,2204,118,278
47510839,200,35,2,35.8391661800249,128.754954929831,경상북도 경산시 조영동,373,42,86,106,1883,91,233
47510586,200,37,2,35.8391053565248,128.751156772356,경상북도 경산시 대동,350,224,126,319,1566,97,327
47510396,200,35,4,35.8426857229954,128.759444477589,경상북도 경산시 압량읍 부적리,928,32,161,249,2412,94,59
47509056,200,28,3,35.8400713261704,128.759110051194,경상북도 경산시 압량읍 부적리,704,268,78,75,2268,71,16
47508463,100,28,3,35.8401817579736,128.757037981394,경상북도 경산시 조영동,575,235,14,46,2099,82,97
47508409,200,27,1,35.8400917746221,128.759578193488,경상북도 경산시 압량읍 부적리,740,261,42,116,2309,83,58
47508003,100,27,3,35.8379795561601,128.758420107383,경상북도 경산시 조영동,536,381,73,155,2138,137,235
47507096,100,20,1,35.8379810484756,128.753082894221,경상북도 경산시 대동,191,145,37,110,1678,68,127
47506636,100,25,4,35.838713082922176,128.75153482277014,경상북도 경산시 대동,296,197,73,265,1578,77,279
47506149,70,18,2,35.8376695213169,128.751371994115,경상북도 경산시 대동,205,266,52,199,1522,81,231
47505834,200,30,3,35.8393880693448,128.752823133119,경상북도 경산시 조영동,346,76,69,239,1715,62,209
47505697,200,27,1,35.8399592628338,128.753424133811,경상북도 경산시 조영동,413,86,56,243,1791,100,129
47505686,100,25,3,35.8392551954616,128.753653877076,경상북도 경산시 조영동,339,6,11,171,1778,28,202
47504791,200,36,2,35.83688911542993,128.75228265621152,경상북도 경산시 대동,86,285,49,94,1573,109,137
47503335,200,30,2,35.8392217870554,128.759495008596,경상북도 경산시 압량읍 부적리,682,358,130,140,2270,39,105
47503243,70,18,2,35.8376689792033,128.751372092862,경상북도 경산시 대동,205,266,52,199,1522,81,231
47502402,100,30,3,35.8383798984346,128.754983091078,경상북도 경산시 조영동,302,115,20,19,1855,144,179
47501403,50,16,2,35.8415993935705,128.751756665469,경상북도 경산시 임당동,600,305,186,479,1750,83,198
47501399,100,23,2,35.8428437694685,128.754380220341,경상북도 경산시 조영동,743,152,177,425,2023,152,193
47501390,50,16,2,35.8406460070974,128.755059692022,경상북도 경산시 조영동,525,109,58,218,1957,74,113
47501387,200,30,2,35.840881748899,128.753960832477,경상북도 경산시 조영동,522,135,97,312,1880,135,23
47501384,200,30,2,35.8396628321723,128.752390043449,경상북도 경산시 조영동,379,124,109,289,1693,32,205
47497621,100,30,3,35.8393289124989,128.752541949718,경상북도 경산시 조영동,341,100,80,258,1689,39,227
47496969,100,20,1,35.8428325198086,128.753811441547,경상북도 경산시 조영동,734,180,227,457,1980,119,188
47493840,100,24,1,35.838989834665,128.752936215772,경상북도 경산시 조영동,302,68,32,209,1707,47,235
47492439,200,30,1,35.8386598910617,128.753933155839,경상북도 경산시 조영동,282,66,44,112,1776,62,185
47492149,100,31,3,35.8383798984346,128.754983091078,경상북도 경산시 조영동,302,115,20,19,1855,144,179
47490822,100,30,3,35.8378143531169,128.751506539883,경상북도 경산시 대동,210,247,37,197,1538,62,226
47488875,500,36,3,35.8415726717679,128.757627336635,경상북도 경산시 압량읍 부적리,729,205,117,164,2210,31,122
47488063,200,30,3,35.8422696486298,128.758855470916,경상북도 경산시 압량읍 부적리,858,73,151,235,2344,104,119
47487591,200,38,3,35.837686182582,128.75208339349,경상북도 경산시 대동,172,219,53,147,1583,52,173
47484916,100,30,2,35.8393289124989,128.752541949718,경상북도 경산시 조영동,341,100,80,258,1689,39,227
47484915,100,30,2,35.8393289124989,128.752541949718,경상북도 경산시 조영동,341,100,80,258,1689,39,227
47484911,100,21,1,35.8408589934819,128.753735669256,경상북도 경산시 조영동,516,153,105,317,1861,133,26
47484909,200,27,2,35.8429280801082,128.755610114606,경상북도 경산시 조영동,780,151,76,377,2122,140,248
47484908,200,28,3,35.8401294702457,128.752455534076,경상북도 경산시 조영동,430,148,125,316,1721,80,164
47484905,100,26,2,35.8379810484756,128.753082894221,경상북도 경산시 대동,191,145,37,110,1678,68,127
47484904,200,30,3,35.8395527876085,128.756802879509,경상북도 경산시 조영동,509,204,58,48,2053,58,143
47484900,100,19,1,35.8388421989605,128.754913595436,경상북도 경산시 조영동,340,66,53,71,1866,121,225
47484898,200,30,2,35.837971403456,128.758915493752,경상북도 경산시 조영동,578,422,30,174,2181,101,231
47484891,200,36,1,35.8395802688629,128.752860895366,경상북도 경산시 조영동,367,82,66,249,1727,67,188
47484889,100,23,2,35.8396437468102,128.755117290019,경상북도 경산시 조영동,426,60,62,159,1916,52,195
47484887,100,25,1,35.838989834665,128.752936215772,경상북도 경산시 조영동,302,68,32,209,1707,47,235
47484886,100,25,3,35.8409482277562,128.752233391937,경상북도 경산시 임당동,522,232,204,396,1748,2,147
47484885,100,21,3,35.8399842780487,128.752821423436,경상북도 경산시 조영동,412,114,89,281,1744,85,152
47484880,150,28,3,35.839797029903,128.752944572847,경상북도 경산시 조영동,391,91,67,259,1744,82,164
47484803,200,32,3,35.8396356372135,128.759565129027,경상북도 경산시 압량읍 부적리,711,312,87,131,2291,44,73
47484796,200,40,2,35.8392730233987,128.750868403338,경상북도 경산시 대동,378,250,155,351,1551,116,335
47484106,100,23,2,35.8432223277009,128.754651964021,경상북도 경산시 조영동,789,183,167,446,2067,183,240
47484095,200,31,2,35.8394751077968,128.752725003588,경상북도 경산시 조영동,356,88,77,252,1711,53,204
47483892,100,18,3,35.8384280556348,128.757236901207,경상북도 경산시 조영동,462,263,73,118,2050,116,222
47483533,200,30,2,35.8385240270355,128.758634759051,경상북도 경산시 조영동,578,379,73,109,2173,102,171
47483308,200,32,2,35.8382540618816,128.759581754762,경상북도 경산시 조영동,645,466,38,190,2247,37,208
47483222,300,30,3,35.8396356372135,128.759565129027,경상북도 경산시 압량읍 부적리,711,312,87,131,2291,44,73
47481794,100,27,1,35.83898822610862,128.7529352950363,경상북도 경산시 조영동,302,68,31,209,1706,48,234
47481553,200,29,2,35.8379810484756,128.753082894221,경상북도 경산시 대동,191,145,37,110,1678,68,127
47481156,100,17,1,35.8378143531176,128.751506539883,경상북도 경산시 대동,210,247,37,197,1538,62,226
47480533,200,30,3,35.83951247128831,128.75084854474608,경상북도 경산시 대동,403,254,179,371,1561,116,322
47479084,200,29,2,35.8380704794718,128.756572093403,경상북도 경산시 조영동,390,232,36,138,1981,125,250
47479023,200,28,3,35.8400589135422,128.756077977503,경상북도 경산시 조영동,511,158,62,108,2014,51,184
47476336,70,18,3,35.8376695213169,128.751371994115,경상북도 경산시 대동,205,266,52,199,1522,81,231
47476094,100,30,4,35.8383080641445,128.757499191897,경상북도 경산시 조영동,476,290,97,120,2068,142,228
47475961,70,18,1,35.8430591257438,128.750328426971,경상북도 경산시 임당동,788,317,68,686,1743,46,49
47475854,150,25,1,35.84071350097656,128.75602722168014,경상북도 경산시 조영동,570,129,30,149,2039,24,192
47475803,50,15,2,35.8429379920893,128.75505508234,경상북도 경산시 조영동,767,146,121,400,2080,146,223
47475685,100,23,2,35.8387477725653,128.757877639193,경상북도 경산시 조영동,529,307,137,64,2115,137,173
47475585,50,13,3,35.8429379920886,128.755055082341,경상북도 경산시 조영동,767,146,121,400,2080,146,223
47475530,100,25,3,35.83876419067383,128.7578735351567,경상북도 경산시 조영동,530,307,137,62,2116,137,172
47473757,200,33,3,35.8391053565248,128.751156772356,경상북도 경산시 대동,350,224,126,319,1566,97,327
47473281,200,30,2,35.83790430536353,128.75335853655105,경상북도 경산시 대동,187,147,19,91,1699,85,108
47473274,200,30,2,35.8379068628082,128.753393231573,경상북도 경산시 대동,188,146,20,90,1702,83,107
47472042,100,28,3,35.8381491845981,128.751502171386,경상북도 경산시 대동,241,226,24,220,1551,49,243
47471028,200,35,2,35.8404790818798,128.75660982676,경상북도 경산시 조영동,577,184,37,94,2076,82,136
47469615,100,23,3,35.8411683218776,128.752002061001,경상북도 경산시 임당동,549,264,232,428,1743,31,168
47469547,100,24,1,35.8413136850571,128.7514017659,경상북도 경산시 임당동,575,309,182,476,1705,85,194
47469543,100,24,3,35.8413136850578,128.751401765899,경상북도 경산시 임당동,575,309,182,476,1705,85,194
47469517,100,24,2,35.8413136850571,128.7514017659,경상북도 경산시 임당동,575,309,182,476,1705,85,194
47468864,70,15,3,35.843329693224355,128.7525748674593,경상북도 경산시 임당동,785,299,248,575,1920,162,243
47468287,100,30,2,35.8391409857947,128.752495428901,경상북도 경산시 조영동,320,103,66,248,1677,48,247
47467869,200,36,2,35.8384572156592,128.751716667668,경상북도 경산시 대동,263,192,42,232,1582,45,248
47467639,200,40,3,35.8382540618816,128.759581754762,경상북도 경산시 조영동,645,466,38,190,2247,37,208
47467446,200,38,3,35.8403106927139,128.756558414277,경상북도 경산시 조영동,559,194,32,83,2065,90,139
47467302,200,35,2,35.8369234140052,128.752000770827,경상북도 경산시 대동,105,293,40,119,1550,134,162
47467289,100,22,2,35.8374737169349,128.75181633051,경상북도 경산시 대동,163,253,67,153,1552,79,186
47467193,50,520,1,35.8369234140052,128.752000770827,경상북도 경산시 대동,105,293,40,119,1550,134,162
47466459,200,34,2,35.8389685278027,128.758550172723,경상북도 경산시 조영동,594,363,116,67,2181,74,125
47465735,200,33,3,35.8404779001754,128.756894002318,경상북도 경산시 조영동,592,203,26,81,2100,69,110
47465603,200,30,2,35.8402135342987,128.75631921638,경상북도 경산시 조영동,538,185,53,95,2040,79,161
47465555,50,15,3,35.842727222319,128.754555173491,경상북도 경산시 조영동,733,133,159,405,2030,133,184
47465339,200,29,1,35.8400571031729,128.752937790713,경상북도 경산시 조영동,420,114,87,279,1757,98,140
47465133,300,41,2,35.8393791203819,128.753442571656,경상북도 경산시 조영동,349,26,16,194,1766,35,191
47464997,200,38,2,35.8395600746942,128.753491376098,경상북도 경산시 조영동,370,42,12,205,1778,55,171
47461941,200,35,3,35.8382540618816,128.759581754762,경상북도 경산시 조영동,645,466,38,190,2247,37,208
47459866,150,30,3,35.8402857670629,128.753193823108,경상북도 경산시 조영동,447,127,97,284,1789,115,106
47458193,100,29,3,35.8387129077117,128.754214977277,경상북도 경산시 조영동,297,75,52,93,1802,79,194
47458119,100,25,1,35.8396757827124,128.751891320114,경상북도 경산시 조영동,388,166,146,328,1653,33,235
47457248,200,30,2,35.8394036377066,128.759574723052,경상북도 경산시 압량읍 부적리,698,338,111,146,2283,39,92
47456847,300,38,1,35.8394648949222,128.753344636342,경상북도 경산시 조영동,357,39,21,207,1761,46,184
47455028,200,35,2,35.8409388484148,128.755745886485,경상북도 경산시 조영동,580,94,43,185,2027,12,162
47454894,200,30,2,35.8381181814194,128.752892687269,경상북도 경산시 대동,205,138,60,132,1667,48,149
47452350,100,23,1,35.8396364764127,128.755997171813,경상북도 경산시 조영동,469,134,59,113,1989,31,203
47452148,150,21,1,35.8397707966362,128.751369721666,경상북도 경산시 대동,411,214,188,362,1616,77,267
47451719,150,25,2,35.83977460595,128.751368034711,경상북도 경산시 대동,411,214,189,362,1616,78,267
47451449,400,40,2,35.840254898631,128.754444159127,경상북도 경산시 조영동,465,100,18,233,1888,125,105
47451438,400,48,2,35.840254898631,128.754444159127,경상북도 경산시 조영동,465,100,18,233,1888,125,105
47450613,150,28,2,35.8397815652292,128.7522565321,경상북도 경산시 조영동,393,140,124,306,1688,38,203
47450609,100,28,3,35.8401817579736,128.757037981394,경상북도 경산시 조영동,575,235,14,46,2099,82,97
47450199,100,23,3,35.839574379552445,128.75228860583343,경상북도 경산시 조영동,370,128,115,291,1680,19,218
47450147,100,25,2,35.8392456786841,128.752638724298,경상북도 경산시 조영동,331,90,68,245,1693,51,230
47450056,70,22,3,35.8394085706487,128.75306085859,경상북도 경산시 조영동,349,57,47,223,1736,52,198
47450005,100,23,2,35.83857217303779,128.7540283907432,경상북도 경산시 조영동,276,79,56,100,1781,75,176
47449999,100,23,2,35.84033082941843,128.75454521351983,경상북도 경산시 조영동,476,108,29,239,1900,122,103
47449924,200,25,1,35.8411130244437,128.753241470739,경상북도 경산시 임당동,539,180,155,361,1836,92,56
47449856,200,28,1,35.8406028435541,128.753992208087,경상북도 경산시 조영동,492,147,68,282,1869,154,53
47449698,150,28,4,35.83908753303081,128.75477457810248,경상북도 경산시 조영동,357,36,83,100,1864,109,235
47449659,100,30,1,35.839797029903,128.752944572847,경상북도 경산시 조영동,391,91,67,259,1744,82,164
47449626,100,25,3,35.8401962786308,128.752786690187,경상북도 경산시 조영동,436,134,107,300,1751,99,137
47449621,200,35,2,35.8387121160599,128.752515652388,경상북도 경산시 대동,273,115,43,206,1660,29,223
47449604,50,15,3,35.8431742483161,128.755358555563,경상북도 경산시 조영동,799,173,111,411,2117,170,259
47449596,150,28,3,35.8425632535581,128.753392368451,경상북도 경산시 조영동,701,189,263,463,1932,75,166
47449578,100,20,2,35.8381154476721,128.754728152999,경상북도 경산시 조영동,265,139,21,31,1824,107,143
47449573,100,22,1,35.8402118161175,128.752561707738,경상북도 경산시 조영동,438,148,123,315,1734,89,151
47449565,70,15,3,35.843278166185975,128.75067013383864,경상북도 경산시 임당동,803,340,104,687,1782,84,88
47449554,200,30,2,35.8394776528494,128.753581859678,경상북도 경산시 조영동,362,31,0,193,1782,48,179
47449553,300,40,2,35.8425554903905,128.759378184807,경상북도 경산시 압량읍 부적리,913,26,151,247,2400,106,67
47449546,200,29,3,35.8405656533677,128.75621099798,경상북도 경산시 조영동,565,152,41,126,2047,47,173
47449528,150,30,2,35.8399392915937,128.754434108685,경상북도 경산시 조영동,431,66,17,199,1873,114,136
47449516,100,19,2,35.8434321101939,128.75864529571,경상북도 경산시 압량읍 부적리,951,142,176,355,2387,33,142
47449507,100,30,1,35.8388113370615,128.754342753278,경상북도 경산시 조영동,312,64,54,92,1817,85,207
47449472,100,27,2,35.839548947749726,128.75106625821826,경상북도 경산시 대동,398,235,175,360,1581,97,303
47449458,100,26,4,35.8392444310931,128.751710960439,경상북도 경산시 대동,346,174,130,296,1617,45,280
47449444,100,27,3,35.83853659411959,128.7527615679409,경상북도 경산시 대동,251,108,29,178,1673,0,195
47447071,300,31,4,35.8426857229954,128.759444477589,경상북도 경산시 압량읍 부적리,928,32,161,249,2412,94,59
47444699,200,32,1,35.8373916178501,128.751631372461,경상북도 경산시 대동,166,271,54,165,1533,93,200
47444475,50,15,2,35.84160064025439,128.75175768894664,경상북도 경산시 임당동,600,305,186,479,1750,83,198
47440098,200,33,3,35.8387019652679,128.752093341208,경상북도 경산시 대동,278,150,76,228,1624,61,244
47436584,200,30,2,35.8380700486291,128.753004729904,경상북도 경산시 대동,200,138,49,122,1675,56,139
47435644,100,27,3,35.8408197089065,128.755382805088,경상북도 경산시 조영동,554,92,45,202,1992,41,133
47434932,100,22,3,35.8375630338451,128.759301887421,경상북도 경산시 조영동,598,472,57,231,2204,118,278
47427949,200,30,3,35.8402527935126,128.755895883513,경상북도 경산시 조영동,520,157,35,131,2007,61,199
47427231,200,33,3,35.8379030360881,128.753359061938,경상북도 경산시 대동,186,147,19,91,1699,85,108
47423781,100,25,3,35.8379801319868,128.758768610176,경상북도 경산시 조영동,566,410,42,167,2169,110,230
47422011,150,30,1,35.8388113370615,128.754342753278,경상북도 경산시 조영동,312,64,54,92,1817,85,207
47418764,200,30,4,35.8395670517361,128.756542236264,경상북도 경산시 조영동,494,181,46,68,2032,46,162
47418702,100,25,2,35.8379810484756,128.753082894221,경상북도 경산시 대동,191,145,37,110,1678,68,127
47415116,200,25,1,35.8380770370662,128.758741644323,경상북도 경산시 조영동,567,404,43,156,2169,107,220
47409584,200,39,3,35.8385243350289,128.757628464728,경상북도 경산시 조영동,497,292,109,93,2087,137,202
47409148,50,30,2,35.8383414822381,128.75138488667,경상북도 경산시 대동,265,225,44,243,1550,63,264
47405997,200,40,1,35.8395789669603,128.752004950788,경상북도 경산시 조영동,375,153,132,312,1658,18,235
47405596,200,28,2,35.8429280801075,128.755610114606,경상북도 경산시 조영동,780,151,76,377,2122,140,248
47402963,100,27,2,35.8393915726948,128.753676025275,경상북도 경산시 조영동,354,21,13,180,1786,42,187
47402340,100,25,2,35.8379801319868,128.758768610176,경상북도 경산시 조영동,566,410,42,167,2169,110,230
47401642,150,30,3,35.8389100140823,128.753632665483,경상북도 경산시 조영동,301,33,23,149,1761,23,213
47401431,100,23,1,35.8418565810807,128.750346600252,경상북도 경산시 임당동,660,380,78,586,1661,83,90
47396541,500,38,4,35.8420073986666,128.756732292862,경상북도 경산시 압량읍 부적리,727,150,71,245,2160,71,215
47396205,200,30,4,35.8385072824582,128.75876907188,경상북도 경산시 조영동,588,392,63,117,2185,90,172
47394894,200,35,3,35.8391006216776,128.753933785512,경상북도 경산시 조영동,329,29,12,141,1794,43,219
47392295,200,30,2,35.8388961375337,128.754243691486,경상북도 경산시 조영동,317,58,42,105,1812,73,215
47391132,70,20,3,35.8419777387697,128.75150579162,경상북도 경산시 임당동,645,330,146,526,1754,40,157
47384194,200,30,3,35.8396481238657,128.750815337615,경상북도 경산시 대동,418,259,194,383,1566,121,316
47383896,200,35,2,35.8394109796639,128.756350989335,경상북도 경산시 조영동,470,162,25,91,2010,25,186
47383871,100,30,2,35.8382793327244,128.750826530884,경상북도 경산시 대동,288,274,86,277,1501,44,303
47380872,200,32,3,35.8408042922804,128.756110901091,경상북도 경산시 조영동,583,127,42,151,2050,26,188
47380833,100,27,3,35.8408197089065,128.755382805088,경상북도 경산시 조영동,554,92,45,202,1992,41,133
47380807,200,29,3,35.8405882954972,128.75306269714,경상북도 경산시 조영동,480,162,132,319,1794,86,89
47380751,300,35,2,35.8383084411914,128.758945069379,경상북도 경산시 조영동,593,413,36,144,2194,79,193
47380736,200,34,3,35.8385243350289,128.757628464728,경상북도 경산시 조영동,497,292,109,93,2087,137,202
47378925,200,32,4,35.8369375397417,128.752292685289,경상북도 경산시 대동,89,280,51,93,1575,108,136
47375290,100,25,3,35.8385750023731,128.754032105073,경상북도 경산시 조영동,277,78,56,100,1781,75,176
47375171,200,40,2,35.83914658974855,128.7539392244491,경상북도 경산시 조영동,334,28,15,144,1797,45,214
47374786,200,32,3,35.838896137533,128.754243691486,경상북도 경산시 조영동,317,58,42,105,1812,73,215
47368155,400,43,2,35.8402548986317,128.754444159126,경상북도 경산시 조영동,465,100,18,233,1888,125,105
47361268,100,28,3,35.8390759800663,128.753461241684,경상북도 경산시 조영동,316,21,32,172,1754,2,224
47360988,100,25,1,35.838989834665,128.752936215772,경상북도 경산시 조영동,302,68,32,209,1707,47,235
47360862,200,30,2,35.837971403456,128.758915493752,경상북도 경산시 조영동,578,422,30,174,2181,101,231
47357098,300,30,3,35.8405578751805,128.753294767857,경상북도 경산시 조영동,478,154,113,305,1811,106,76
47351818,200,30,3,35.8394776528494,128.753581859678,경상북도 경산시 조영동,362,31,0,193,1782,48,179
47351706,100,30,2,35.8396757827131,128.751891320114,경상북도 경산시 조영동,388,166,146,328,1653,33,235
47345768,200,33,2,35.8393274548838,128.750769223077,경상북도 경산시 대동,388,259,165,361,1545,124,339
47344658,200,40,3,35.8401419079707,128.759453026634,경상북도 경산시 압량읍 부적리,734,256,47,104,2300,84,47
47344533,100,30,3,35.8390759800663,128.753461241684,경상북도 경산시 조영동,316,21,32,172,1754,2,224
47340157,200,37,3,35.8409824681273,128.755831843447,경상북도 경산시 조영동,588,95,49,182,2036,13,169
47338178,200,35,3,35.838213402208,128.75419113967,경상북도 경산시 조영동,247,121,32,77,1781,97,139
47337826,200,35,1,35.8395802688636,128.752860895366,경상북도 경산시 조영동,367,82,66,249,1727,67,188
47323885,200,36,2,35.8373292512927,128.751143623429,경상북도 경산시 대동,194,307,10,204,1490,113,242
47292208,200,34,3,35.8386709827854,128.757465920057,경상북도 경산시 조영동,493,273,99,84,2078,116,190
47291533,100,18,2,35.83841908447624,128.75833662789205,경상북도 경산시 조영동,548,357,88,107,2144,130,189
47291104,100,20,2,35.8394924999828,128.75295967281986,경상북도 경산시 조영동,358,69,56,236,1731,65,193
47265728,100,28,1,35.8394592642334,128.752137002163,경상북도 경산시 조영동,360,138,114,295,1662,0,237
47265660,150,30,2,35.839872435213685,128.75211809134353,경상북도 경산시 조영동,405,156,139,322,1681,46,206
47260407,300,34,3,35.8386210807544,128.756595744627,경상북도 경산시 조영동,426,202,32,144,2001,66,231
47259687,150,29,3,35.8400571031729,128.752937790713,경상북도 경산시 조영동,420,114,87,279,1757,98,140
47259595,200,35,2,35.8394034958635,128.756597837356,경상북도 경산시 조영동,484,184,33,73,2030,33,168
47258067,200,25,4,35.8379224373462,128.754239954949,경상북도 경산시 조영동,221,153,1,80,1775,67,110
47257061,100,23,1,35.8396364764134,128.755997171813,경상북도 경산시 조영동,469,134,59,113,1989,31,203
47226576,150,25,3,35.84012811592762,128.75583780006556,경상북도 경산시 조영동,506,144,46,131,1997,46,203
47222397,100,27,2,35.8396757827131,128.751891320114,경상북도 경산시 조영동,388,166,146,328,1653,33,235
47221890,100,25,1,35.83968841728706,128.751883851151,경상북도 경산시 조영동,389,167,148,328,1653,34,235
47217877,200,28,3,35.8400713261697,128.759110051194,경상북도 경산시 압량읍 부적리,704,268,78,75,2268,71,16
47216879,100,25,3,35.8375630338451,128.759301887421,경상북도 경산시 조영동,598,472,57,231,2204,118,278
47215948,200,35,3,35.8385426361364,128.750969103647,경상북도 경산시 대동,304,252,87,285,1524,70,307
47204071,200,30,1,35.8392368721204,128.753260820952,경상북도 경산시 조영동,331,34,39,197,1744,26,211
47198330,200,35,2,35.8388891117902,128.75218101222,경상북도 경산시 대동,297,136,76,239,1640,63,256
47191278,200,30,3,35.8394776528487,128.753581859678,경상북도 경산시 조영동,362,31,0,193,1782,48,179
47172765,200,37,1,35.8405578751805,128.753294767857,경상북도 경산시 조영동,478,154,113,305,1811,106,76
47172496,200,20,반지하,35.8399179068708,128.753084131462,경상북도 경산시 조영동,405,94,66,259,1762,100,146
47172291,100,21,1,35.8396364764127,128.755997171813,경상북도 경산시 조영동,469,134,59,113,1989,31,203
47171590,200,30,2,35.839801993885,128.754394784948,경상북도 경산시 조영동,416,51,32,186,1863,116,149
47166398,100,30,1,35.8389043000342,128.753036258949,경상북도 경산시 조영동,293,64,22,197,1711,42,223
47166298,70,17,3,35.8384280556348,128.757236901207,경상북도 경산시 조영동,462,263,73,118,2050,116,222
47142735,200,28,1,35.8429280801075,128.755610114606,경상북도 경산시 조영동,780,151,76,377,2122,140,248
47142471,70,17,3,35.8384280556348,128.757236901207,경상북도 경산시 조영동,462,263,73,118,2050,116,222
47085625,200,35,1,35.8395789669603,128.752004950788,경상북도 경산시 조영동,375,153,132,312,1658,18,235
47085571,200,40,1,35.8385164771662,128.752441848781,경상북도 경산시 대동,252,132,54,192,1645,29,208
47058469,200,39,2,35.84126662566593,128.75759822733897,경상북도 경산시 압량읍 부적리,700,225,92,134,2193,41,110
47032249,100,27,2,35.84095602720419,128.75690078594087,경상북도 경산시 압량읍 부적리,635,175,79,132,2122,63,130
47020053,200,35,2,35.8385243350289,128.757628464728,경상북도 경산시 조영동,497,292,109,93,2087,137,202
47016972,200,40,2,35.8395802688629,128.752860895366,경상북도 경산시 조영동,367,82,66,249,1727,67,188
47012228,100,30,3,35.8393289124989,128.752541949718,경상북도 경산시 조영동,341,100,80,258,1689,39,227
47012216,200,25,2,35.838725063147,128.753598381379,경상북도 경산시 조영동,280,53,41,142,1751,40,193
47012210,100,27,3,35.8405054370424,128.752954629771,경상북도 경산시 조영동,470,157,128,317,1781,83,103
46993588,200,40,1,35.8386590653368,128.752365636803,경상북도 경산시 대동,269,130,57,209,1645,38,225
46990459,200,30,1,35.8396628321716,128.752390043449,경상북도 경산시 조영동,379,124,109,289,1693,32,205
46974170,200,47,3,35.8388823282042,128.754016849471,경상북도 경산시 조영동,308,49,26,119,1792,54,210
46956933,100,23,3,35.8411681643322,128.7520005081445,경상북도 경산시 임당동,549,264,232,428,1743,31,168
46943805,200,23,2,35.8410516495897,128.758224198577,경상북도 경산시 압량읍 부적리,718,200,42,94,2235,49,52
46923564,300,40,2,35.8394648949215,128.753344636342,경상북도 경산시 조영동,357,39,21,207,1761,46,184
46877181,200,30,3,35.839893399373,128.756267557576,경상북도 경산시 조영동,506,166,70,88,2022,56,171
46760830,100,25,2,35.8396437468102,128.755117290019,경상북도 경산시 조영동,426,60,81,159,1916,52,195
