id,lat,lng
47711839,35.8396585497473,128.756435134109
47711348,35.8400713261704,128.759110051194
47711271,35.8399098694701,128.754437223397
47709109,35.8394776528494,128.753581859678
47708946,35.8408589934826,128.753735669256
47707969,35.8382044997829,128.754782238973
47707837,35.8402135342987,128.75631921638
47707530,35.8409388484148,128.755745886485
47707343,35.8392882215578,128.756432833482
47707306,35.8392882215578,128.756432833482
47706535,35.8396757827131,128.751891320114
47706325,35.83850842774,128.754524549134
47706321,35.8405656533684,128.756210997979
47706310,35.840091324207,128.759578183537
47706308,35.8393620622802,128.752425370001
47706191,35.837721345709,128.757911649358
47706057,35.8398192414954,128.755083308001
47706054,35.8336586504378,128.736781120887
47705931,35.8174412187687,128.75808667108
47705829,35.8391053339633,128.754777404951
47705819,35.8386598910617,128.753933155839
47705733,35.8409388484148,128.755745886485
47705731,35.8394972694718,128.756193307234
47705661,35.8428497159164,128.748700239429
47705330,35.8413709870081,128.751668195445
47705253,35.8428497159164,128.748700239429
47704981,35.8386598910617,128.753933155839
47704739,35.8392882215578,128.756432833482
47704281,35.8401097306674,128.756300327019
47704088,35.8375630338451,128.759301887421
47703651,35.822554705017,128.75613613992
47703562,35.8225547050177,128.75613613992
47703453,35.8220226163625,128.757742927794
47703412,35.8220226163625,128.757742927794
47703256,35.8202504558958,128.756516987891
47703246,35.8202504558958,128.756516987891
47703224,35.8202504558958,128.756516987891
47702892,35.8398192414954,128.755083308001
47702888,35.82024300647532,128.7565149428241
47702182,35.841308593750014,128.75582885742233
47701405,35.8408652469186,128.756533569361
47701161,35.8210255430571,128.755571581503
47701156,35.8210255430571,128.755571581503
47700863,35.8220226163625,128.757742927794
47700847,35.8220226163625,128.757742927794
47700829,35.8220226163625,128.757742927794
47700816,35.8220226163625,128.757742927794
47700446,35.8200187284765,128.756359970055
47700444,35.8200187284765,128.756359970055
47700442,35.8200187284765,128.756359970055
47699946,35.8389804903932,128.751216554929
47699868,35.8405656533684,128.756210997979
47699836,35.8386709827854,128.757465920057
47699794,35.8215002216798,128.75540124409
47699791,35.8215002216798,128.75540124409
47699784,35.8215002216798,128.75540124409
47699774,35.8215002216798,128.75540124409
47699765,35.8215002216798,128.75540124409
47699758,35.8215002216798,128.75540124409
47699753,35.8215002216798,128.75540124409
47699748,35.8215002216798,128.75540124409
47699734,35.8215678379678,128.755244844025
47699727,35.8215678379678,128.755244844025
47699719,35.8215678379678,128.755244844025
47699716,35.8215678379678,128.755244844025
47698447,35.8425321797142,128.753533346217
47697660,35.8250387132259,128.728771113711
47697655,35.8389685278027,128.758550172723
47696486,35.8394776528494,128.753581859678
47696318,35.8383699588863,128.757900399051
47696113,35.8387264464304,128.754441812874
47696037,35.8404514769857,128.753410400474
47695896,35.8399191547025,128.75240564293
47695315,35.8380546183089,128.752783830773
47695143,35.8220226163625,128.757742927794
47695036,35.82112807638053,128.7556404472357
47694730,35.8389481016936,128.75469625201146
47694697,35.8407644449356,128.756654522964
47694651,35.8388113370615,128.754342753278
47693871,35.8395515831383,128.753245835575
47693808,35.8386841149951,128.758797655206
47692571,35.8324896973947,128.745983763936
47692559,35.8309654695208,128.748281028699
47692533,35.8229785279371,128.717669168947
47692089,35.8157310300643,128.738316109172
47691491,35.8200187284765,128.756359970055
47691479,35.8215002216791,128.75540124409
47691443,35.8236163187539,128.75383494861
47691353,35.8215678379671,128.755244844025
47691307,35.8215002216791,128.75540124409
47690687,35.8409622597752,128.752445193237
47690236,35.8434670490915,128.752937582653
47690125,35.840096880667,128.751044328208
47689982,35.8396628321723,128.752390043449
47689866,35.8386709827854,128.757465920057
47689562,35.8415726717686,128.757627336635
47688985,35.8372434676934,128.752385623606
47687718,35.8373442163176,128.751458465619
47687673,35.8272652799756,128.734638519651
47687629,35.8233248697358,128.754404561486
47687565,35.8233248697358,128.754404561486
47687532,35.8233248697358,128.754404561486
47687333,35.8385434885277,128.754412993608
47687050,35.8387302961033,128.755171531912
47685804,35.8381154476728,128.754728152999
47685801,35.8409524353182,128.756665752015
47685797,35.8369375397417,128.752292685289
47685795,35.8408197089072,128.755382805088
47685792,35.843841766551,128.757555006382
47685790,35.8390467236721,128.753224541774
47685433,35.8390467236721,128.753224541774
47685420,35.840129470245,128.752455534077
47685412,35.8410454705292,128.755633581429
47685397,35.8385084277393,128.754524549135
47685383,35.8392551954616,128.753653877076
47685208,35.84272008316057,128.74864803270103
47685063,35.824379456883,128.723645511913
47684314,35.8382278221322,128.757877784884
47684292,35.8398574463641,128.75104470873
47683422,35.8394776528494,128.753581859678
47683082,35.8408817488998,128.753960832477
47682531,35.8384558973505,128.75450568527
47682520,35.83850842774,128.754524549134
47682497,35.8378143531169,128.751506539883
47682411,35.8393915726955,128.753676025275
47682248,35.8405656533677,128.75621099798
47681435,35.8388113370615,128.754342753278
47681399,35.8395802688636,128.752860895366
47681211,35.8233251312041,128.754417512895
47681174,35.8233251312041,128.754417512895
47681091,35.8233251312041,128.754417512895
47680999,35.8233251312041,128.754417512895
47680947,35.8373416662741,128.751157397615
47680827,35.8233251312041,128.754417512895
47680355,35.8178090422731,128.750668475567
47680315,35.8385715940321,128.758235413381
47679977,35.8233248697358,128.754404561486
47679964,35.8215002216798,128.75540124409
47679952,35.8215002216798,128.75540124409
47679908,35.8225734928294,128.757372021792
47679661,35.8233251312041,128.754417512895
47679528,35.8233251312041,128.754417512895
47678964,35.8380704794718,128.756572093403
47678264,35.840142938647,128.753928516271
47677441,35.8382375042062,128.75924175123
47677388,35.8382375042062,128.75924175123
47677268,35.8392954893512,128.758806395796
47677141,35.8392954893512,128.758806395796
47677018,35.8413709870081,128.751668195445
47676805,35.8388317018315,128.75313902133
47676591,35.8393226755748,128.753160894204
47676426,35.8372289660536,128.751736359274
47676415,35.8401549629342,128.754067782585
47676237,35.8395490262595,128.752624371781
47676031,35.8391617112148,128.752736367882
47675710,35.8228932408803,128.73926641188
47675549,35.8244921905042,128.738557415408
47674481,35.83116801224,128.74772565588
47674452,35.8386709827854,128.757465920057
47674357,35.838989834665,128.752936215772
47674323,35.8407889143547,128.752819873854
47673980,35.8233251312041,128.754417512895
47673153,35.8233251312041,128.754417512895
47671031,35.8210255430579,128.755571581503
47670949,35.8219436219796,128.755694149075
47670910,35.8219436219796,128.755694149075
47670799,35.8226135706966,128.756011300961
47670773,35.8226135706966,128.756011300961
47670229,35.8399191547018,128.75240564293
47670116,35.823190757478,128.754708653194
47670115,35.823190757478,128.754708653194
47670114,35.823190757478,128.754708653194
47670113,35.823190757478,128.754708653194
47670112,35.823190757478,128.754708653194
47670111,35.823190757478,128.754708653194
47670110,35.8218739108939,128.756259003056
47670109,35.8218739108939,128.756259003056
47670108,35.8218739108939,128.756259003056
47670107,35.8226135706966,128.756011300961
47670105,35.8219436219796,128.755694149075
47670097,35.8219436219796,128.755694149075
47670095,35.8220032884981,128.756741498756
47670094,35.8220032884981,128.756741498756
47670093,35.8220032884981,128.756741498756
47670092,35.8220032884981,128.756741498756
47669823,35.8396585497466,128.756435134109
47669787,35.8378143531176,128.751506539883
47669709,35.8391661800249,128.754954929831
47669620,35.8280677151368,128.737490156119
47669597,35.8254861053787,128.735411411036
47669592,35.8242038431006,128.73590121272
47669581,35.8170973997749,128.739655859676
47669580,35.817441218768,128.75808667108
47669572,35.8270826116024,128.735519097105
47669564,35.8188561082925,128.754736816928
47669562,35.8188071758624,128.754860320795
47669544,35.820336121121,128.724371412286
47669509,35.817238223191,128.75804778584
47669508,35.8215227344658,128.739271248138
47669490,35.8248582227229,128.738308694449
47669482,35.8325397127697,128.745785119437
47669481,35.8195556661654,128.740689792531
47669475,35.8175707158298,128.75907155466322
47669440,35.8175755764862,128.759078078945
47669428,35.828833901731,128.739822198253
47669425,35.8220901890673,128.7395193049
47669422,35.8170973997743,128.739655859676
47669315,35.8393226755741,128.753160894204
47669311,35.8391617112148,128.752736367882
47669064,35.8373442163169,128.75145846562
47669001,35.8220032884981,128.756741498756
47668990,35.823190757478,128.754708653194
47668843,35.8219436219789,128.755694149075
47668823,35.8214000029165,128.75563039337
47668767,35.8195193217997,128.735096396282
47668584,35.8369375397417,128.752292685289
47668524,35.8233248697358,128.754404561486
47668504,35.8233248697358,128.754404561486
47667509,35.8419969790893,128.751947577142
47667419,35.8365245478869,128.751798777478
47667313,35.8394648949222,128.753344636342
47667142,35.8402130227582,128.754078246785
47666860,35.8434105769391,128.754836732304
47666767,35.8402527935126,128.755895883513
47666700,35.837971403456,128.758915493752
47666518,35.838264238299,128.750483351361
47665569,35.842516156933,128.754451803174
47665355,35.8388317018315,128.75313902133
47664520,35.8220893156447,128.756651117044
47664466,35.8220893156447,128.756651117044
47664371,35.8220893156447,128.756651117044
47664337,35.8401097306666,128.756300327019
47664334,35.8215617430766,128.757277242413
47664310,35.841113024443,128.75324147074
47664288,35.8215617430766,128.757277242413
47664274,35.8215617430766,128.757277242413
47664127,35.8366179531035,128.751684190437
47663979,35.8386841149951,128.758797655206
47663963,35.8410454705284,128.755633581429
47663896,35.8396372080342,128.753145793831
47663492,35.8224821733375,128.756659554237
47663487,35.8224821733375,128.756659554237
47663479,35.8224821733375,128.756659554237
47663469,35.8386866609938,128.757749354472
47663465,35.8224821733375,128.756659554237
47663457,35.8224821733375,128.756659554237
47663441,35.8226135706966,128.756011300961
47663428,35.8226135706966,128.756011300961
47663419,35.8226135706966,128.756011300961
47663344,35.8220893156447,128.756651117044
47663218,35.8410480446987,128.75739895464
47663074,35.820336121121,128.724371412286
47663065,35.8210666237514,128.725786862302
47662984,35.8410914635926,128.752310471508
47661074,35.8363880269208,128.727132741438
47660471,35.8170973997749,128.739655859676
47660449,35.824534521868,128.739611160064
47660434,35.819422215983,128.748206619449
47660410,35.8171935918045,128.748036264625
47660378,35.8237812671939,128.734418514648
47660358,35.8187300557067,128.738878281432
47660331,35.8317455053562,128.74749907972
47660294,35.8313233601565,128.748035806983
47660165,35.8238001762292,128.735031250178
47660142,35.821523602975,128.751489272068
47659878,35.8236163187539,128.75383494861
47659633,35.8226135706966,128.756011300961
47658281,35.8235359248145,128.741263787209
47658247,35.8215617430766,128.757277242413
47656038,35.8390693619185,128.755179556455
47655983,35.840679437334,128.756841563018
47655920,35.8398574463641,128.75104470873
47654597,35.8373442163176,128.751458465619
47654554,35.8428325198086,128.753811441547
47654526,35.8395802688636,128.752860895366
47654487,35.8396757827131,128.751891320114
47654391,35.8393915726955,128.753676025275
47653151,35.8418802910115,128.750599454567
47652660,35.84105300903321,128.75256347656295
47652651,35.8391053565248,128.751156772356
47652509,35.8409198102764,128.753495524023
47652465,35.8220465284207,128.755762138859
47652462,35.8220465284207,128.755762138859
47652460,35.8220465284207,128.755762138859
47652457,35.8220465284207,128.755762138859
47652453,35.8220465284207,128.755762138859
47652450,35.8220465284207,128.755762138859
47652441,35.8226135706966,128.756011300961
47652437,35.8226135706966,128.756011300961
47652433,35.8226135706966,128.756011300961
47652431,35.8226135706966,128.756011300961
47652316,35.8177414331703,128.757676736951
47652311,35.8325397127704,128.745785119436
47652310,35.8272652799756,128.734638519651
47652297,35.8175755764862,128.759078078945
47652289,35.8304801615736,128.747355360295
47652285,35.8185379932487,128.756304773897
47652282,35.8288403300369,128.73959605005
47652260,35.8171348542924,128.75561987948
47652255,35.8188071758631,128.754860320794
47652037,35.8174634874388,128.756736488464
47651892,35.8308998462069,128.747458622594
47651129,35.8396585497473,128.756435134109
47650557,35.8373416662741,128.751157397615
47649938,35.8372434676927,128.752385623607
47649148,35.8393620622795,128.752425370001
47649077,35.8396364764127,128.755997171813
47648831,35.8392882215571,128.756432833482
47648795,35.8398180114622,128.756641064943
47648160,35.8378143531176,128.751506539883
47647350,35.8409388484148,128.755745886485
47646799,35.821482393731,128.757804371287
47646788,35.8214905077206,128.757804107653
47646762,35.8214905077206,128.757804107653
47646745,35.8217877144126,128.757655206755
47645093,35.8393256084919,128.75253988499364
47645078,35.8395787535851,128.752859755329
47644966,35.840786196475506,128.75717593033517
47644943,35.839391954056,128.75367459498466
47644927,35.839244850212005,128.75263992343514
47644892,35.840786196475506,128.75717593033517
47644844,35.8413136850578,128.751401765899
47644640,35.8405597781913,128.755774494495
47644472,35.8224821733368,128.756659554237
47644346,35.8395802688636,128.752860895366
47644329,35.8391617112148,128.752736367882
47644264,35.8214000029165,128.75563039337
47644135,35.8395670517369,128.756542236264
47644005,35.84457294839279,128.75949956275613
47643957,35.8393226755748,128.753160894204
47643908,35.8408197089072,128.755382805088
47643788,35.8393226755748,128.753160894204
47643669,35.8396372080349,128.75314579383
47643488,35.840091324207,128.759578183537
47643405,35.8408042922797,128.756110901091
47643352,35.8399592628338,128.753424133811
47643348,35.8413709870074,128.751668195445
47643316,35.8415050540336,128.758356278472
47643296,35.8384686912828,128.757748528632
47643182,35.8395490262588,128.752624371781
47643161,35.8400713261697,128.759110051194
47643149,35.8398712495728,128.75211906128
47643100,35.8395699583325,128.756281785167
47642969,35.8388317018315,128.75313902133
47642216,35.8364502418556,128.727261798112
47641923,35.8352108505406,128.732792562365
47641273,35.8400713261704,128.759110051194
47641185,35.8247569539099,128.719631909263
47641168,35.8383699588863,128.757900399051
47641133,35.8295790798413,128.739278219337
47641109,35.8275775389541,128.729623886491
47641091,35.8238116173333,128.731851927545
47641032,35.8422696486298,128.758855470916
47640933,35.8367321360268,128.73201126381
47640911,35.821274811659,128.728455905188
47640873,35.8223643417416,128.738035113655
47640761,35.8306894187141,128.747812757588
47640747,35.8392882215571,128.756432833482
47640710,35.8445722692253,128.750552709958
47640705,35.8385060812861,128.759368089223
47640563,35.8247446028542,128.718397682421
47640546,35.8438538796352,128.750893736092
47640527,35.8401419079707,128.759453026634
47640518,35.8409824681273,128.755831843447
47640410,35.8295139834887,128.730393147347
47640401,35.8381181814187,128.752892687269
47640380,35.8171348542917,128.75561987948
47640310,35.8426857229954,128.759444477589
47640300,35.8237291589159,128.734307728962
47640274,35.8173600907947,128.758193196757
47640252,35.8219213198004,128.738466815961
47640161,35.8177068853092,128.756070385532
47640071,35.8407644449349,128.756654522964
47640049,35.8212772994092,128.752214219578
47640019,35.8186467597205,128.756637652176
47639999,35.84213558141,128.75142160989
47639972,35.8435981662031,128.74944458189
47639916,35.8254652250023,128.726890572927
47639899,35.8322003501494,128.746869999492
47639866,35.8188768562211,128.755451014989
47639836,35.8242781967042,128.723323215821
47639819,35.8431061792383,128.751539240503
47639806,35.8428434782253,128.759058944733
47639796,35.8189063550657,128.754609690704
47639769,35.8401419079707,128.759453026634
47639760,35.8368063055244,128.731892029382
47639749,35.8415726717679,128.757627336635
47639704,35.8206759276083,128.725451894456
47639689,35.8220547149775,128.749145423256
47639673,35.827326840798,128.73528662374
47639635,35.8247807421868,128.736612415802
47639612,35.8247945367934,128.727258886386
47639587,35.8225060163253,128.720368599142
47639560,35.8168037814355,128.74741544827
47639461,35.8352108505406,128.732792562365
47639410,35.8244825702601,128.738169714433
47639390,35.8352108505406,128.732792562365
47639375,35.8336796787994,128.743877290366
47639367,35.8336586504378,128.736781120887
47639359,35.8336586504378,128.736781120887
47639352,35.8336796787994,128.743877290366
47639344,35.8336586504378,128.736781120887
47639337,35.8336796787994,128.743877290366
47635662,35.82148213484046,128.7578035910796
47635488,35.8206234682492,128.756779575632
47635477,35.8217132856433,128.758129225336
47635379,35.8207556914602,128.755871344685
47635369,35.8205788336725,128.756251379156
47635358,35.8217132856433,128.758129225336
47635347,35.8205025850349,128.75589464686
47635326,35.8222168731299,128.755673613317
47634495,35.8396628321723,128.752390043449
47634475,35.8389684806623,128.75269515277
47634064,35.8252842932071,128.720752553716
47634057,35.8224341978303,128.719235140234
47634041,35.8255407739022,128.722147638039
47634031,35.8274879182728,128.72967107118
47634021,35.8220075082946,128.718718848552
47633723,35.8394956093357,128.759238550287
47629671,35.8172003935159,128.755291068147
47629472,35.8373416662741,128.751157397615
47629324,35.8229492876268,128.723261177278
47627940,35.8385750023731,128.754032105073
47627105,35.83932495117189,128.75253295898483
47625755,35.8379714034552,128.758915493752
47625606,35.8390348761498,128.757415294553
47625431,35.8225734928301,128.757372021791
47624485,35.8388970552783,128.751475565832
47624304,35.8387092461318,128.750561523475
47624076,35.8389684806623,128.75269515277
47623307,35.8386866609946,128.757749354472
47623034,35.8395600746935,128.753491376099
47621782,35.83806215852456,128.7516798706624
47619525,35.8308998462076,128.747458622594
47618088,35.8410475632123,128.755613706736
47617934,35.8400571031729,128.752937790713
47617908,35.8384452926271,128.751378647701
47617095,35.839801993885,128.754394784948
47615962,35.8407541005595,128.753278945171
47615705,35.8403923468347,128.753078083755
47615431,35.8420046547196,128.750648338535
47615225,35.8409805199581,128.753836842393
47614313,35.8419433633431,128.751638506761
47613198,35.8386281989666,128.754313930231
47613095,35.8392217870554,128.759495008596
47611509,35.8392217870554,128.759495008596
47611100,35.822573341308896,128.75737622299005
47610995,35.8395490262595,128.752624371781
47610353,35.8406172765717,128.753626980724
47609847,35.8395600746942,128.753491376098
47609724,35.8400571031729,128.752937790713
47609649,35.8394034958635,128.756597837356
47609569,35.840076312331,128.756958850487
47609530,35.8391053565248,128.751156772356
47609288,35.8392217870554,128.759495008596
47609171,35.8212326976741,128.755708252686
47608858,35.8393226755741,128.753160894204
47608381,35.8404779001754,128.756894002318
47607381,35.8400763123303,128.756958850488
47607267,35.8382845661093,128.75295190369
47606390,35.8391053565248,128.751156772356
47604085,35.8391661800249,128.754954929831
47603745,35.8401896372745,128.755740881247
47603676,35.8373825488565,128.757509537547
47603524,35.8373825488565,128.757509537547
47603261,35.8393791203819,128.753442571656
47602941,35.8398574463648,128.751044708729
47602897,35.8395670517369,128.756542236264
47601877,35.8193121595953,128.748654515242
47601859,35.8386749013725,128.751291952268
47599934,35.8407982750747,128.75388263138362
47599538,35.8411130244437,128.753241470739
47598786,35.8373416662734,128.751157397616
47598759,35.8306894187148,128.747812757587
47598719,35.8394956093357,128.759238550287
47596117,35.8369234140052,128.752000770827
47595859,35.8373416662734,128.751157397616
47595658,35.8407867376239,128.755141590639
47595607,35.8391006216776,128.753933785512
47594084,35.8392882215571,128.756432833482
47591146,35.823190757478,128.754708653194
47590746,35.8387264464297,128.754441812874
47590744,35.8402548986317,128.754444159126
47590741,35.8381484256469,128.752919691609
47590734,35.8399884143587,128.759418316543
47590689,35.8401896372752,128.755740881247
47590471,35.8374737169349,128.75181633051
47590418,35.838730296104,128.755171531912
47590086,35.823190757478,128.754708653194
47590075,35.823190757478,128.754708653194
47590066,35.823190757478,128.754708653194
47590050,35.823190757478,128.754708653194
47589613,35.8222623889361,128.755895020969
47589530,35.8224821733375,128.756659554237
47589418,35.8382540618809,128.759581754762
47589326,35.8212326976741,128.755708252686
47589284,35.822488586374,128.757977150293
47589272,35.8214000029158,128.75563039337
47589247,35.823190757478,128.754708653194
47588727,35.8387298241828,128.752191231219
47588628,35.8393894880839,128.752824713704
47588591,35.838747772566,128.757877639193
47588519,35.8208633302518,128.755942314591
47588517,35.8208633302518,128.755942314591
47588512,35.8208633302518,128.755942314591
47588510,35.8208633302518,128.755942314591
47588026,35.837971403456,128.758915493752
47587985,35.8382540618816,128.759581754762
47587958,35.8429280801082,128.755610114606
47587920,35.8395670517369,128.756542236264
47587906,35.8382540618816,128.759581754762
47587872,35.8456209049899,128.758290432917
47587817,35.8407644449356,128.756654522964
47587784,35.8400589135429,128.756077977503
47587600,35.8233248697366,128.754404561486
47587594,35.8233248697366,128.754404561486
47587582,35.8233248697366,128.754404561486
47587565,35.8216224888433,128.756031400211
47587559,35.8206234682492,128.756779575632
47587558,35.8225556862374,128.756136825413
47587553,35.822554705017,128.75613613992
47587548,35.8226990668368,128.757023711807
47587543,35.8226990668368,128.757023711807
47587536,35.821190875764,128.755196932426
47587531,35.821190875764,128.755196932426
47587147,35.8222246705001,128.756934253447
47586310,35.8226851105199,128.757263283958
47586307,35.8457696130084,128.759199834914
47586296,35.8226851105199,128.757263283958
47585323,35.828693512125,128.735116764141
47585296,35.8286915963891,128.735118382243
47585263,35.8226851105199,128.757263283958
47585109,35.8211244472645,128.733539391379
47585003,35.832671116626,128.728068245832
47582387,35.8210255430579,128.755571581503
47581874,35.8210255430579,128.755571581503
47580373,35.8385426361364,128.750969103647
47579043,35.8223008036294,128.756836461685
47578818,35.8210255430579,128.755571581503
47578802,35.8379795561608,128.758420107382
47578615,35.8210255430579,128.755571581503
47578255,35.8398698692778,128.752121022971
47578131,35.8210255430579,128.755571581503
47578056,35.8238001762292,128.735031250178
47577814,35.8268475315861,128.738733724436
47577645,35.8425554903905,128.759378184807
47577569,35.8408197089065,128.755382805088
47577434,35.840091324207,128.759578183537
47577427,35.8192984848341,128.738946997578
47577395,35.8389809379283,128.754144629484
47576604,35.8222246705001,128.756934253447
47576517,35.8212772994099,128.752214219578
47576403,35.8226851105199,128.757263283958
47576203,35.825045182657,128.73905146704
47576168,35.8217299223371,128.757866701383
47575928,35.8379467530967,128.759386611555
47575912,35.8430564188446,128.75104597843594
47575892,35.8392444310931,128.751710960439
47574867,35.8409652299403,128.755439023677
47574586,35.83965570725316,128.75239663753862
47574093,35.825045182657,128.73905146704
47571349,35.8406172765717,128.753626980724
47571180,35.8405402920606,128.753542504211
47571131,35.8409805199581,128.753836842393
47570984,35.8405315896811,128.754089246444
47570927,35.8382642382997,128.750483351361
47570332,35.8308998462069,128.747458622594
47570328,35.81724753950234,128.75800229776786
47570277,35.840345544790175,128.755758483703
47569644,35.8420046547196,128.750648338535
47569577,35.8413301146988,128.751826221106
47569529,35.8411134757347,128.752141960586
47569137,35.8382540618816,128.759581754762
47569048,35.839984278048,128.752821423437
47569037,35.8382044997829,128.754782238973
47569018,35.8381154476728,128.754728152999
47569015,35.8388961375337,128.754243691486
47568987,35.8407644449356,128.756654522964
47568986,35.8210255430579,128.755571581503
47568985,35.838730296104,128.755171531912
47568968,35.8233248697358,128.754404561486
47568123,35.8169309303019,128.72776526796
47567041,35.841507849885105,128.7583561188615
47566397,35.8385547521831,128.7537958261
47563202,35.8447005467169,128.756365152493
47561430,35.8206883606521,128.756630863439
47560410,35.8385426361364,128.750969103647
47558994,35.8398577816398,128.756361616046
47558423,35.8222485444037,128.757630958432
47558418,35.8222485444037,128.757630958432
47558402,35.8222485444037,128.757630958432
47558025,35.8175755764869,128.759078078945
47558020,35.8325397127704,128.745785119436
47558006,35.8174412187687,128.75808667108
47557999,35.8288403300369,128.73959605005
47557987,35.8295780751519,128.739534365079
47557980,35.8312664017347,128.73091289889
47557945,35.8324896973947,128.745983763936
47557912,35.8262583892936,128.727637283352
47557910,35.8288403300369,128.73959605005
47557908,35.8172382231917,128.758047785839
47557891,35.8308998462076,128.747458622594
47557858,35.8172737868741,128.748265827404
47557857,35.8172737868741,128.748265827404
47557843,35.8195556661661,128.740689792531
47557841,35.8215227344658,128.739271248138
47557838,35.82448125325,128.739711572658
47557834,35.8195157930306,128.735240928145
47557760,35.8262583892936,128.727637283352
47557729,35.8295780751519,128.739534365079
47557709,35.8272652799762,128.734638519651
47557675,35.8288403300369,128.73959605005
47557637,35.8402433794735,128.756656975568
47557618,35.8401738381707,128.756716863726
47557603,35.8195556661661,128.740689792531
47557476,35.8172737868741,128.748265827404
47557382,35.8308998462076,128.747458622594
47557376,35.8312664017347,128.73091289889
47557362,35.8288403300369,128.73959605005
47556882,35.8399592628338,128.753424133811
47556692,35.8308998462069,128.747458622594
47556631,35.817441218768,128.75808667108
47556577,35.8383798984353,128.754983091078
47556456,35.8390759800663,128.753461241684
47556412,35.8172737868734,128.748265827404
47556406,35.8408015099694,128.75388325596
47556393,35.8369375397417,128.752292685289
47556392,35.8393226755748,128.753160894204
47556374,35.8388614533287,128.753619644237
47556219,35.8405402920606,128.753542504211
47556174,35.8379810484763,128.753082894221
47556073,35.840091324207,128.759578183537
47555952,35.8430103122189,128.753706453475
47555794,35.843557902009,128.753201770873
47555786,35.8374737169342,128.75181633051
47555682,35.8431335643338,128.752658205491
47555652,35.8400068316197,128.756577056597
47555501,35.8173771794116,128.755551199092
47555436,35.8186403210011,128.738777411478
47555380,35.817441218768,128.75808667108
47555309,35.8438786543174,128.751839890041
47555308,35.8175707158298,128.75907155466322
47555225,35.838369958887,128.757900399051
47555191,35.8188561082932,128.754736816928
47555072,35.8398192414947,128.755083308001
47554953,35.832489697394,128.745983763936
47554865,35.8295780751519,128.739534365079
47554735,35.8378143531176,128.751506539883
47554712,35.8272652799762,128.734638519651
47554534,35.8377223548954,128.759012471786
47554350,35.8195556661661,128.740689792531
47554108,35.8215227344658,128.739271248138
47553448,35.8425863621595,128.758937612332
47553208,35.8398574463648,128.751044708729
47553192,35.82448125325,128.739711572658
47553120,35.8208731868864,128.73451533545
47553033,35.8215227344658,128.739271248138
47552546,35.839801993885,128.754394784948
47552465,35.82448125325,128.739711572658
47552062,35.838827603984,128.754715952571
47551818,35.8388614533287,128.753619644237
47551474,35.8222485444037,128.757630958432
47550905,35.8397077526845,128.758775657962
47549836,35.8391006216776,128.753933785512
47549630,35.8402118161182,128.752561707738
47549559,35.8382375042062,128.75924175123
47549509,35.81951579303,128.735240928146
47549416,35.8392954893512,128.758806395796
47549165,35.8391409857955,128.752495428901
47549026,35.8382991950801,128.754091989617
47548992,35.8401962786315,128.752786690186
47548901,35.8391162251672,128.751771111457
47548852,35.8406172765717,128.753626980724
47548813,35.8387121922086,128.751521744344
47548669,35.8400571031729,128.752937790713
47547462,35.8389436318998,128.758964296994
47547451,35.84035080031026,128.75515212652513
47546479,35.8400713261704,128.759110051194
47546015,35.8392730233987,128.750868403338
47545932,35.840366392,128.754282048211
47545655,35.8397707966362,128.751369721666
47544817,35.8405315896811,128.754089246444
47542904,35.8210304603124,128.755864120309
47542900,35.8210304603124,128.755864120309
47542894,35.8210304603124,128.755864120309
47542890,35.8210304603124,128.755864120309
47542572,35.8389536453154,128.757300952725
47541631,35.8391053339633,128.754777404951
47540962,35.8397479989824,128.753278711618
47540812,35.8409805199581,128.753836842393
47539949,35.8205881139919,128.75655972375
47539929,35.8205881139919,128.75655972375
47539779,35.8215617430766,128.757277242413
47539768,35.8215617430766,128.757277242413
47539736,35.8215617430766,128.757277242413
47538072,35.83881818767316,128.75470667036274
47536129,35.8381181814194,128.752892687269
47536094,35.8398574463648,128.751044708729
47536007,35.8369375397417,128.752292685289
47535863,35.8442644772357,128.750853512402
47535228,35.8399538443085,128.759742146958
47535035,35.8378024582009,128.754433967554
47535014,35.8395320698366,128.751068100556
47534965,35.8215899321365,128.757266024973
47534910,35.8407644449356,128.756654522964
47534796,35.8384686912828,128.757748528632
47534245,35.8334146507558,128.74549123171
47533995,35.8225394699728,128.720184542141
47533532,35.8206883606528,128.756630863438
47533521,35.8206883606528,128.756630863438
47533500,35.8206883606528,128.756630863438
47533474,35.8206883606528,128.756630863438
47533460,35.8206883606528,128.756630863438
47533446,35.8206883606528,128.756630863438
47533224,35.8397815652292,128.7522565321
47533148,35.8220226163625,128.757742927794
47533131,35.84301041525571,128.75370557036155
47533045,35.840135935265444,128.7570287810217
47532970,35.838894794208755,128.75513775070092
47532866,35.8401097306666,128.756300327019
47532762,35.8395670517369,128.756542236264
47532728,35.8391661800242,128.754954929831
47532617,35.8394034958628,128.756597837356
47532349,35.8393211364746,128.7531585693364
47531481,35.8215037137056,128.755698842872
47531451,35.8215037137056,128.755698842872
47531163,35.8405315896811,128.754089246444
47531096,35.8195157930306,128.735240928145
47531028,35.8195157930306,128.735240928145
47530646,35.8215617430773,128.757277242412
47530628,35.8215617430773,128.757277242412
47530616,35.8215617430773,128.757277242412
47530452,35.8234871028861,128.753871606094
47530433,35.8234871028861,128.753871606094
47530420,35.8234871028861,128.753871606094
47530374,35.8234871028861,128.753871606094
47530361,35.8234871028861,128.753871606094
47530359,35.8234871028861,128.753871606094
47530137,35.8215617430773,128.757277242412
47530136,35.8211290753466,128.755639916012
47529889,35.8399191547018,128.75240564293
47529877,35.8399191547025,128.75240564293
47529816,35.8388276039833,128.754715952571
47529800,35.8249774264521,128.727832030672
47529783,35.826258389293,128.727637283352
47529693,35.8388614533287,128.753619644237
47529487,35.8373416662741,128.751157397615
47529417,35.8383920013254,128.750836975363
47529403,35.8396628321723,128.752390043449
47529090,35.837971403456,128.758915493752
47529038,35.8425461374421,128.758576814559
47528702,35.8336558461309,128.736283083887
47528023,35.8369375397417,128.752292685289
47527133,35.8272652799756,128.734638519651
47526973,35.8205506016499,128.732771329117
47526911,35.8222075097867,128.739843400709
47526874,35.8295797419104,128.739537499822
47526807,35.826258389293,128.727637283352
47524995,35.8396585497466,128.756435134109
47524385,35.8226145551505,128.756011765233
47524287,35.8211290753466,128.755639916012
47524193,35.8234871028861,128.753871606094
47523258,35.8314500261897,128.748694455965
47521426,35.8210894960107,128.755425391668
47520320,35.8405597781913,128.755774494495
47520052,35.8392882215578,128.756432833482
47518681,35.8407644449356,128.756654522964
47517086,35.8233248697358,128.754404561486
47517056,35.8233248697358,128.754404561486
47517019,35.8233248697358,128.754404561486
47516733,35.8385159458577,128.752589467889
47516457,35.8233248697358,128.754404561486
47516453,35.8233248697358,128.754404561486
47515701,35.8388113370622,128.754342753277
47515640,35.8405402920606,128.753542504211
47514054,35.8212262216712,128.734386151075
47513964,35.8369375397417,128.752292685289
47513696,35.8247232052924,128.739375502564
47511427,35.8385426361364,128.750969103647
47511179,35.8391053339633,128.754777404951
47510936,35.8375630338451,128.759301887421
47510839,35.8391661800249,128.754954929831
47510586,35.8391053565248,128.751156772356
47510396,35.8426857229954,128.759444477589
47509056,35.8400713261704,128.759110051194
47508463,35.8401817579736,128.757037981394
47508409,35.8400917746221,128.759578193488
47508003,35.8379795561601,128.758420107383
47507096,35.8379810484756,128.753082894221
47506831,35.831214370779,128.747506021287
47506821,35.831214370779,128.747506021287
47506636,35.838713082922176,128.75153482277014
47506618,35.8313621998425,128.747577318116
47506149,35.8376695213169,128.751371994115
47505834,35.8393880693448,128.752823133119
47505697,35.8399592628338,128.753424133811
47505686,35.8392551954616,128.753653877076
47504791,35.83688911542993,128.75228265621152
47503335,35.8392217870554,128.759495008596
47503243,35.8376689792033,128.751372092862
47502870,35.8173771794116,128.755551199092
47502703,35.8173771794116,128.755551199092
47502402,35.8383798984346,128.754983091078
47501458,35.8214473669905,128.75585482681
47501457,35.8212326976741,128.755708252686
47501455,35.8212326976741,128.755708252686
47501453,35.8212326976741,128.755708252686
47501450,35.8212326976741,128.755708252686
47501407,35.8220226163625,128.757742927794
47501403,35.8415993935705,128.751756665469
47501399,35.8428437694685,128.754380220341
47501397,35.831872838068,128.748223587929
47501396,35.8204817425331,128.737459104747
47501395,35.8179129778573,128.749731763453
47501394,35.821622488844,128.756031400211
47501392,35.8178090422731,128.750668475567
47501390,35.8406460070974,128.755059692022
47501389,35.820336121121,128.724371412286
47501387,35.840881748899,128.753960832477
47501384,35.8396628321723,128.752390043449
47499966,35.8313233601565,128.748035806983
47497621,35.8393289124989,128.752541949718
47497196,35.8456209049899,128.758290432917
47496969,35.8428325198086,128.753811441547
47496111,35.8209179957395,128.755500503311
47494555,35.8217132856433,128.758129225336
47493912,35.8217132856433,128.758129225336
47493840,35.838989834665,128.752936215772
47492965,35.8217132856433,128.758129225336
47492951,35.8217132856433,128.758129225336
47492881,35.822488586374,128.757977150293
47492874,35.822488586374,128.757977150293
47492862,35.822488586374,128.757977150293
47492848,35.822488586374,128.757977150293
47492439,35.8386598910617,128.753933155839
47492149,35.8383798984346,128.754983091078
47490822,35.8378143531169,128.751506539883
47488875,35.8415726717679,128.757627336635
47488063,35.8422696486298,128.758855470916
47487591,35.837686182582,128.75208339349
47485940,35.8224341978303,128.719235140234
47485332,35.8217132856433,128.758129225336
47485257,35.8210304603124,128.755864120309
47485152,35.822488586374,128.757977150293
47485134,35.8212326976741,128.755708252686
47484916,35.8393289124989,128.752541949718
47484915,35.8393289124989,128.752541949718
47484911,35.8408589934819,128.753735669256
47484909,35.8429280801082,128.755610114606
47484908,35.8401294702457,128.752455534076
47484905,35.8379810484756,128.753082894221
47484904,35.8395527876085,128.756802879509
47484900,35.8388421989605,128.754913595436
47484898,35.837971403456,128.758915493752
47484891,35.8395802688629,128.752860895366
47484889,35.8396437468102,128.755117290019
47484887,35.838989834665,128.752936215772
47484886,35.8409482277562,128.752233391937
47484885,35.8399842780487,128.752821423436
47484880,35.839797029903,128.752944572847
47484803,35.8396356372135,128.759565129027
47484796,35.8392730233987,128.750868403338
47484106,35.8432223277009,128.754651964021
47484095,35.8394751077968,128.752725003588
47483892,35.8384280556348,128.757236901207
47483533,35.8385240270355,128.758634759051
47483308,35.8382540618816,128.759581754762
47483222,35.8396356372135,128.759565129027
47481978,35.8185087606964,128.749765640974
47481891,35.824534521868,128.739611160064
47481794,35.83898822610862,128.7529352950363
47481553,35.8379810484756,128.753082894221
47481156,35.8378143531176,128.751506539883
47480533,35.83951247128831,128.75084854474608
47479086,35.8307521424169,128.747453059479
47479084,35.8380704794718,128.756572093403
47479023,35.8400589135422,128.756077977503
47477005,35.8211290753466,128.755639916012
47476336,35.8376695213169,128.751371994115
47476094,35.8383080641445,128.757499191897
47475961,35.8430591257438,128.750328426971
47475854,35.84071350097656,128.75602722168014
47475803,35.8429379920893,128.75505508234
47475685,35.8387477725653,128.757877639193
47475585,35.8429379920886,128.755055082341
47475530,35.83876419067383,128.7578735351567
47473757,35.8391053565248,128.751156772356
47473281,35.83790430536353,128.75335853655105
47473274,35.8379068628082,128.753393231573
47472042,35.8381491845981,128.751502171386
47471751,35.8216829867977,128.757699478556
47471028,35.8404790818798,128.75660982676
47469615,35.8411683218776,128.752002061001
47469547,35.8413136850571,128.7514017659
47469543,35.8413136850578,128.751401765899
47469517,35.8413136850571,128.7514017659
47468864,35.843329693224355,128.7525748674593
47468287,35.8391409857947,128.752495428901
47467869,35.8384572156592,128.751716667668
47467639,35.8382540618816,128.759581754762
47467446,35.8403106927139,128.756558414277
47467302,35.8369234140052,128.752000770827
47467289,35.8374737169349,128.75181633051
47467193,35.8369234140052,128.752000770827
47466459,35.8389685278027,128.758550172723
47465735,35.8404779001754,128.756894002318
47465603,35.8402135342987,128.75631921638
47465555,35.842727222319,128.754555173491
47465339,35.8400571031729,128.752937790713
47465133,35.8393791203819,128.753442571656
47464997,35.8395600746942,128.753491376098
47462870,35.8217132856433,128.758129225336
47462760,35.8217299223371,128.757866701383
47462713,35.8217132856426,128.758129225337
47462239,35.822488586374,128.757977150293
47461941,35.8382540618816,128.759581754762
47461347,35.822488586374,128.757977150293
47461311,35.822488586374,128.757977150293
47461211,35.822488586374,128.757977150293
47461174,35.822488586374,128.757977150293
47461066,35.822488586374,128.757977150293
47460255,35.8214000029165,128.75563039337
47459866,35.8402857670629,128.753193823108
47458193,35.8387129077117,128.754214977277
47458119,35.8396757827124,128.751891320114
47457248,35.8394036377066,128.759574723052
47456847,35.8394648949222,128.753344636342
47455223,35.8205881139919,128.75655972375
47455083,35.8214473669912,128.75585482681
47455028,35.8409388484148,128.755745886485
47454894,35.8381181814194,128.752892687269
47454624,35.821190875764,128.755196932426
47452350,35.8396364764127,128.755997171813
47452148,35.8397707966362,128.751369721666
47451719,35.83977460595,128.751368034711
47451449,35.840254898631,128.754444159127
47451438,35.840254898631,128.754444159127
47450613,35.8397815652292,128.7522565321
47450609,35.8401817579736,128.757037981394
47450199,35.839574379552445,128.75228860583343
47450147,35.8392456786841,128.752638724298
47450056,35.8394085706487,128.75306085859
47450005,35.83857217303779,128.7540283907432
47449999,35.84033082941843,128.75454521351983
47449924,35.8411130244437,128.753241470739
47449856,35.8406028435541,128.753992208087
47449698,35.83908753303081,128.75477457810248
47449659,35.839797029903,128.752944572847
47449626,35.8401962786308,128.752786690187
47449621,35.8387121160599,128.752515652388
47449604,35.8431742483161,128.755358555563
47449596,35.8425632535581,128.753392368451
47449578,35.8381154476721,128.754728152999
47449573,35.8402118161175,128.752561707738
47449565,35.843278166185975,128.75067013383864
47449554,35.8394776528494,128.753581859678
47449553,35.8425554903905,128.759378184807
47449546,35.8405656533677,128.75621099798
47449539,35.8436385818848,128.749286761807
47449528,35.8399392915937,128.754434108685
47449516,35.8434321101939,128.75864529571
47449507,35.8388113370615,128.754342753278
47449472,35.839548947749726,128.75106625821826
47449458,35.8392444310931,128.751710960439
47449444,35.83853659411959,128.7527615679409
47447071,35.8426857229954,128.759444477589
47444699,35.8373916178501,128.751631372461
47444475,35.84160064025439,128.75175768894664
47440098,35.8387019652679,128.752093341208
47436584,35.8380700486291,128.753004729904
47435847,35.8171348542924,128.75561987948
47435644,35.8408197089065,128.755382805088
47434932,35.8375630338451,128.759301887421
47432043,35.8222623889361,128.755895020969
47432030,35.8222623889361,128.755895020969
47432013,35.8222623889361,128.755895020969
47430892,35.8218408039603,128.755626272064
47430875,35.8218408039603,128.755626272064
47427949,35.8402527935126,128.755895883513
47427231,35.8379030360881,128.753359061938
47424894,35.8212824087443,128.756228377476
47424857,35.8212824087443,128.756228377476
47424840,35.8212824087443,128.756228377476
47423781,35.8379801319868,128.758768610176
47422011,35.8388113370615,128.754342753278
47420715,35.8200533544068,128.74085810476
47418764,35.8395670517361,128.756542236264
47418702,35.8379810484756,128.753082894221
47415116,35.8380770370662,128.758741644323
47409584,35.8385243350289,128.757628464728
47409148,35.8383414822381,128.75138488667
47408715,35.8212824087443,128.756228377476
47407933,35.8224821733375,128.756659554237
47407924,35.8224821733375,128.756659554237
47406706,35.8210255430579,128.755571581503
47406685,35.8224821733375,128.756659554237
47405997,35.8395789669603,128.752004950788
47405596,35.8429280801075,128.755610114606
47402963,35.8393915726948,128.753676025275
47402340,35.8379801319868,128.758768610176
47401642,35.8389100140823,128.753632665483
47401431,35.8418565810807,128.750346600252
47396541,35.8420073986666,128.756732292862
47396205,35.8385072824582,128.75876907188
47395579,35.8173771794116,128.755551199092
47394894,35.8391006216776,128.753933785512
47394775,35.820973370272,128.74944200624
47394735,35.8223640666893,128.738035439593
47392295,35.8388961375337,128.754243691486
47391132,35.8419777387697,128.75150579162
47384194,35.8396481238657,128.750815337615
47384059,35.8173771794116,128.755551199092
47383896,35.8394109796639,128.756350989335
47383871,35.8382793327244,128.750826530884
47380872,35.8408042922804,128.756110901091
47380833,35.8408197089065,128.755382805088
47380807,35.8405882954972,128.75306269714
47380751,35.8383084411914,128.758945069379
47380736,35.8385243350289,128.757628464728
47378962,35.8233721263762,128.754297057324
47378960,35.8233721263762,128.754297057324
47378959,35.8233721263762,128.754297057324
47378925,35.8369375397417,128.752292685289
47377992,35.8208731868864,128.73451533545
47375290,35.8385750023731,128.754032105073
47375171,35.83914658974855,128.7539392244491
47374786,35.838896137533,128.754243691486
47371289,35.826012000758,128.728327935789
47368155,35.8402548986317,128.754444159126
47364760,35.83116801224,128.74772565588
47361268,35.8390759800663,128.753461241684
47360988,35.838989834665,128.752936215772
47360862,35.837971403456,128.758915493752
47357098,35.8405578751805,128.753294767857
47351818,35.8394776528494,128.753581859678
47351706,35.8396757827131,128.751891320114
47345768,35.8393274548838,128.750769223077
47344658,35.8401419079707,128.759453026634
47344533,35.8390759800663,128.753461241684
47343887,35.8306894187148,128.747812757587
47340157,35.8409824681273,128.755831843447
47339391,35.8362323463507,128.727594159471
47338178,35.838213402208,128.75419113967
47337826,35.8395802688636,128.752860895366
47335672,35.8225724727927,128.75737399092
47323885,35.8373292512927,128.751143623429
47292208,35.8386709827854,128.757465920057
47291533,35.83841908447624,128.75833662789205
47291104,35.8394924999828,128.75295967281986
47265728,35.8394592642334,128.752137002163
47265660,35.839872435213685,128.75211809134353
47260407,35.8386210807544,128.756595744627
47259840,35.8430808054287,128.747248176902
47259687,35.8400571031729,128.752937790713
47259595,35.8394034958635,128.756597837356
47258067,35.8379224373462,128.754239954949
47257061,35.8396364764134,128.755997171813
47234725,35.8205589238034,128.749956914579
47228168,35.8179699364274,128.729268698448
47228148,35.8244652912595,128.718697382917
47228094,35.8180857155684,128.729119522823
47227938,35.8304801615736,128.747355360295
47226576,35.84012811592762,128.75583780006556
47226085,35.8172382231917,128.758047785839
47225811,35.8324896973947,128.745983763936
47225611,35.8172382231917,128.758047785839
47224853,35.8324896973947,128.745983763936
47222397,35.8396757827131,128.751891320114
47221890,35.83968841728706,128.751883851151
47217877,35.8400713261697,128.759110051194
47216879,35.8375630338451,128.759301887421
47215948,35.8385426361364,128.750969103647
47204071,35.8392368721204,128.753260820952
47198330,35.8388891117902,128.75218101222
47191278,35.8394776528487,128.753581859678
47176939,35.8324376444102,128.745646661195
47172765,35.8405578751805,128.753294767857
47172496,35.8399179068708,128.753084131462
47172291,35.8396364764127,128.755997171813
47171590,35.839801993885,128.754394784948
47166398,35.8389043000342,128.753036258949
47166298,35.8384280556348,128.757236901207
47162935,35.8206234682492,128.756779575632
47142735,35.8429280801075,128.755610114606
47142471,35.8384280556348,128.757236901207
47085625,35.8395789669603,128.752004950788
47085571,35.8385164771662,128.752441848781
47058469,35.84126662566593,128.75759822733897
47032380,35.8435549918902,128.753203588282
47032249,35.84095602720419,128.75690078594087
47020053,35.8385243350289,128.757628464728
47016972,35.8395802688629,128.752860895366
47013825,35.8220490496794,128.718120266963
47012228,35.8393289124989,128.752541949718
47012216,35.838725063147,128.753598381379
47012210,35.8405054370424,128.752954629771
46993588,35.8386590653368,128.752365636803
46990459,35.8396628321716,128.752390043449
46974170,35.8388823282042,128.754016849471
46956933,35.8411681643322,128.7520005081445
46943805,35.8410516495897,128.758224198577
46938620,35.8247807421875,128.736612415802
46923564,35.8394648949215,128.753344636342
46877181,35.839893399373,128.756267557576
46760830,35.8396437468102,128.755117290019
