보안등위치명,설치개수,소재지도로명주소,소재지지번주소,위도,경도,설치연도,설치형태,관리기관전화번호,관리기관명,데이터기준일자
대동1,1,,경상북도 경산시 대동 278-1,35.83786208,128.750783,,한전주,053-810-6127,경상북도 경산시 도로철도과,2025-07-31
대동2,1,,경상북도 경산시 대동 2-1 뜰안채 앞,35.83983858,128.7507008,,한전주,053-810-6127,경상북도 경산시 도로철도과,2025-07-31
대동3,1,,경상북도 경산시 대동 1-2,35.8397786,128.7505234,,한전주,053-810-6127,경상북도 경산시 도로철도과,2025-07-31
대동4,1,,경상북도 경산시 대동 136-4,35.83747254,128.7512823,,한전주,053-810-6127,경상북도 경산시 도로철도과,2025-07-31
대동5,1,,경상북도 경산시 대동 139-6,35.83763697,128.7515156,,한전주,053-810-6127,경상북도 경산시 도로철도과,2025-07-31
대동6,1,,경상북도 경산시 대동 144-7,35.83778858,128.7521794,,한전주,053-810-6127,경상북도 경산시 도로철도과,2025-07-31
대동7,1,,경상북도 경산시 대동 140-1,35.83784843,128.7517281,,한전주,053-810-6127,경상북도 경산시 도로철도과,2025-07-31
대동8,1,,경상북도 경산시 대동 147-6,35.83808799,128.7526099,,한전주,053-810-6127,경상북도 경산시 도로철도과,2025-07-31
대동9,1,,경상북도 경산시 대동 1-1 오진사 앞,35.83988274,128.7511486,,한전주,053-810-6127,경상북도 경산시 도로철도과,2025-07-31
대동10,1,,경상북도 경산시 대동 144-5,35.83784789,128.752017,2021.0,한전주,053-810-6127,경상북도 경산시 도로철도과,2025-07-31
대동11,1,,경상북도 경산시 대동 150-14,35.83797125,128.7532214,,한전주,053-810-6127,경상북도 경산시 도로철도과,2025-07-31
대동12,1,,경상북도 경산시 대동 154-25,35.83770055,128.7528212,,한전주,053-810-6127,경상북도 경산시 도로철도과,2025-07-31
대동13,1,,경상북도 경산시 대동 155-8,35.83757516,128.753586,,한전주,053-810-6127,경상북도 경산시 도로철도과,2025-07-31
대동14,1,,경상북도 경산시 대동 157-1,35.83720341,128.7531551,,한전주,053-810-6127,경상북도 경산시 도로철도과,2025-07-31
대동15,1,,경상북도 경산시 대동 158-17,35.83691232,128.752082,,한전주,053-810-6127,경상북도 경산시 도로철도과,2025-07-31
대동16,1,,경상북도 경산시 대동 158-18,35.83704699,128.7518844,,한전주,053-810-6127,경상북도 경산시 도로철도과,2025-07-31
대동17,1,,경상북도 경산시 대동 158-3,35.83738802,128.7525615,,한전주,053-810-6127,경상북도 경산시 도로철도과,2025-07-31
대동18,1,,경상북도 경산시 대동 158-28,35.8371641,128.7518393,,한전주,053-810-6127,경상북도 경산시 도로철도과,2025-07-31
대동19,1,,경상북도 경산시 대동 145-1,35.83765129,128.7522842,,한전주,053-810-6127,경상북도 경산시 도로철도과,2025-07-31
대동20,1,,경상북도 경산시 대동 166-4,35.83676523,128.7519204,2021.0,전용주,053-810-6127,경상북도 경산시 도로철도과,2025-07-31
대동21,1,,경상북도 경산시 대동 160-12,35.83652876,128.7517265,,한전주,053-810-6127,경상북도 경산시 도로철도과,2025-07-31
대동22,1,,경상북도 경산시 대동 160-12,35.83658909,128.7517265,2021.0,한전주,053-810-6127,경상북도 경산시 도로철도과,2025-07-31
대동23,1,,경상북도 경산시 대동 166-14,35.83676737,128.7522891,,한전주,053-810-6127,경상북도 경산시 도로철도과,2025-07-31
대동24,1,,경상북도 경산시 대동 168-5,35.83732595,128.7540403,,한전주,053-810-6127,경상북도 경산시 도로철도과,2025-07-31
대동25,1,,경상북도 경산시 대동 17-7 이진사 앞,35.83971013,128.7513219,,한전주,053-810-6127,경상북도 경산시 도로철도과,2025-07-31
대동27,1,,경상북도 경산시 조영동 594,35.83853339,128.75298,,한전주,053-810-6127,경상북도 경산시 도로철도과,2025-07-31
대동28,1,,경상북도 경산시 대동 278-1,35.83786208,128.750783,,한전주,053-810-6127,경상북도 경산시 도로철도과,2025-07-31
대동29,1,,경상북도 경산시 대동 24-2,35.83902166,128.7516137,2021.0,한전주,053-810-6127,경상북도 경산시 도로철도과,2025-07-31
대동30,1,,경상북도 경산시 대동 250-9,35.83751121,128.74995,,한전주,053-810-6127,경상북도 경산시 도로철도과,2025-07-31
대동31,1,,경상북도 경산시 대동 167-5,35.83696054,128.7529371,,한전주,053-810-6127,경상북도 경산시 도로철도과,2025-07-31
대동32,1,,경상북도 경산시 대동 167-5,35.83690723,128.7529676,2023.0,한전주,053-810-6127,경상북도 경산시 도로철도과,2025-07-31
대동33,1,,경상북도 경산시 대동 250-9,35.83751121,128.74995,,한전주,053-810-6127,경상북도 경산시 도로철도과,2025-07-31
대동34,1,,경상북도 경산시 대동 56-2,35.83794718,128.7508288,,한전주,053-810-6127,경상북도 경산시 도로철도과,2025-07-31
대동35,1,,경상북도 경산시 대동 55-3,35.83812642,128.7508549,,한전주,053-810-6127,경상북도 경산시 도로철도과,2025-07-31
대동36,1,,경상북도 경산시 대동 278-1,35.83786208,128.750783,,한전주,053-810-6127,경상북도 경산시 도로철도과,2025-07-31
대동37,1,,경상북도 경산시 대동 142-1,35.83819885,128.7516808,,전용주,053-810-6127,경상북도 경산시 도로철도과,2025-07-31
대동38,1,,경상북도 경산시 대동 142-4,35.83819744,128.7518273,,한전주,053-810-6127,경상북도 경산시 도로철도과,2025-07-31
대동39,1,,경상북도 경산시 대동 278-1,35.83786208,128.750783,,한전주,053-810-6127,경상북도 경산시 도로철도과,2025-07-31
대동40,1,,경상북도 경산시 대동 278-1,35.83786208,128.750783,,한전주,053-810-6127,경상북도 경산시 도로철도과,2025-07-31
대동41,1,,경상북도 경산시 대동 17-1 최진사 앞,35.83973483,128.7509406,,한전주,053-810-6127,경상북도 경산시 도로철도과,2025-07-31
대동42,1,,경상북도 경산시 대동 57-4,35.83847719,128.7505594,,한전주,053-810-6127,경상북도 경산시 도로철도과,2025-07-31
대동43,1,,경상북도 경산시 대동 57-1,35.83904451,128.7504967,,한전주,053-810-6127,경상북도 경산시 도로철도과,2025-07-31
대동45,1,,경상북도 경산시 대동 32-5,35.83843283,128.7519453,,전용주,053-810-6127,경상북도 경산시 도로철도과,2025-07-31
대동46,1,,경상북도 경산시 대동 32-2,35.83832022,128.7518925,,한전주,053-810-6127,경상북도 경산시 도로철도과,2025-07-31
대동47,1,,경상북도 경산시 대동 21-4,35.83897291,128.7517456,,한전주,053-810-6127,경상북도 경산시 도로철도과,2025-07-31
대동48,1,,경상북도 경산시 대동 38,35.83879901,128.7515439,,한전주,053-810-6127,경상북도 경산시 도로철도과,2025-07-31
대동49,1,,경상북도 경산시 대동 36,35.83858684,128.7516331,,전용주,053-810-6127,경상북도 경산시 도로철도과,2025-07-31
대동50,1,,경상북도 경산시 대동 46,35.83865719,128.7510107,,한전주,053-810-6127,경상북도 경산시 도로철도과,2025-07-31
대동51,1,,경상북도 경산시 대동 57-2,35.83806486,128.750683,,한전주,053-810-6127,경상북도 경산시 도로철도과,2025-07-31
대동52,1,,경상북도 경산시 대동 57-24,35.83876781,128.7505929,,한전주,053-810-6127,경상북도 경산시 도로철도과,2025-07-31
대동54,1,,경상북도 경산시 대동 158-19,35.83699263,128.7520607,,한전주,053-810-6127,경상북도 경산시 도로철도과,2025-07-31
대동55,1,,경상북도 경산시 대동 32-2,35.83832483,128.7518503,,한전주,053-810-6127,경상북도 경산시 도로철도과,2025-07-31
대동57,1,,경상북도 경산시 대동 69,35.83736064,128.7500277,,한전주,053-810-6127,경상북도 경산시 도로철도과,2025-07-31
대동58,1,,경상북도 경산시 대동 84,35.83614713,128.7492504,,한전주,053-810-6127,경상북도 경산시 도로철도과,2025-07-31
대동59,1,,경상북도 경산시 대동86,35.83586453,128.7487398,,한전주,053-810-6127,경상북도 경산시 도로철도과,2025-07-31
대동60,1,,경상북도 경산시 대동 135-1,35.83759524,128.7510951,,한전주,053-810-6127,경상북도 경산시 도로철도과,2025-07-31
대동61,1,,경상북도 경산시 대동 152,35.83792798,128.7533794,,전용주,053-810-6127,경상북도 경산시 도로철도과,2025-07-31
대동62,1,,경상북도 경산시 임당동 670-2,35.83917085,128.7502208,,한전주,053-810-6127,경상북도 경산시 도로철도과,2025-07-31
대동63,1,,경상북도 경산시 대동 141-1,35.83792144,128.751342,,한전주,053-810-6127,경상북도 경산시 도로철도과,2025-07-31
대동64,1,,경상북도 경산시 대동 141-5,35.83774445,128.7512332,,한전주,053-810-6127,경상북도 경산시 도로철도과,2025-07-31
대동65,1,,경상북도 경산시 대동 29-18,35.83864917,128.7522406,2021.0,한전주,053-810-6127,경상북도 경산시 도로철도과,2025-07-31
대동66,1,,경상북도 경산시 대동 29-11,35.83847594,128.752889,2022.0,한전주,053-810-6127,경상북도 경산시 도로철도과,2025-07-31
대동67,1,,경상북도 경산시 대동 155-2,35.83753192,128.7534665,,한전주,053-810-6127,경상북도 경산시 도로철도과,2025-07-31
대동57(영대57),1,,경상북도 경산시 대동 250-32,35.83643333,128.7514822,,한전주,053-810-6127,경상북도 경산시 도로철도과,2025-07-31
대동58(영대58),1,,경상북도 경산시 대동 167-5,35.83694463,128.7529371,,한전주,053-810-6127,경상북도 경산시 도로철도과,2025-07-31
대동59(영대59),1,,경상북도 경산시 조영동 594,35.83853339,128.75298,,한전주,053-810-6127,경상북도 경산시 도로철도과,2025-07-31
대동60(영대60),1,,경상북도 경산시 조영동 594,35.83855397,128.75298,,한전주,053-810-6127,경상북도 경산시 도로철도과,2025-07-31
대동65(영대65),1,,경상북도 경산시 조영동 594,35.83853339,128.75298,,한전주,053-810-6127,경상북도 경산시 도로철도과,2025-07-31
대정동61,1,,경상북도 경산시 임당동 77-2,35.84596014,128.7410431,2022.0,한전주,053-810-6127,경상북도 경산시 도로철도과,2025-07-31
동부계양동52,1,,경상북도 경산시 계양동 665-6,35.82190156,128.7513991,,한전주,053-810-6127,경상북도 경산시 도로철도과,2025-07-31
동부계양동53,1,,경상북도 경산시 계양동 687-14,35.81826843,128.7499856,,한전주,053-810-6127,경상북도 경산시 도로철도과,2025-07-31
동부계양동54,1,,경상북도 경산시 계양동 670-1,35.82107158,128.7504209,,한전주,053-810-6127,경상북도 경산시 도로철도과,2025-07-31
동부계양동55,1,,경상북도 경산시 계양동 700,35.82105204,128.7495687,,한전주,053-810-6127,경상북도 경산시 도로철도과,2025-07-31
동부계양동56,1,,경상북도 경산시 계양동 696,35.8220813,128.7499722,,전용주,053-810-6127,경상북도 경산시 도로철도과,2025-07-31
동부계양동57,1,,경상북도 경산시 계양동 696,35.82202459,128.7499722,,한전주,053-810-6127,경상북도 경산시 도로철도과,2025-07-31
동부계양동58,1,,경상북도 경산시 계양동 696,35.82202459,128.7499722,,한전주,053-810-6127,경상북도 경산시 도로철도과,2025-07-31
동부계양동59,1,,경상북도 경산시 계양동 696,35.82202459,128.7499722,,한전주,053-810-6127,경상북도 경산시 도로철도과,2025-07-31
동부계양동60,1,,경상북도 경산시 계양동 696,35.82202459,128.7499722,,한전주,053-810-6127,경상북도 경산시 도로철도과,2025-07-31
동부계양동61,1,,경상북도 경산시 계양동 697,35.82142662,128.7514805,,한전주,053-810-6127,경상북도 경산시 도로철도과,2025-07-31
동부계양동62,1,,경상북도 경산시 계양동 697,35.821482,128.7514805,,한전주,053-810-6127,경상북도 경산시 도로철도과,2025-07-31
동부계양동63,1,,경상북도 경산시 계양동 697,35.82142662,128.7514805,,한전주,053-810-6127,경상북도 경산시 도로철도과,2025-07-31
동부계양동64,1,,경상북도 경산시 계양동 697,35.82142662,128.7514805,,한전주,053-810-6127,경상북도 경산시 도로철도과,2025-07-31
동부계양동65,1,,경상북도 경산시 계양동 698,35.8206884,128.7519037,,한전주,053-810-6127,경상북도 경산시 도로철도과,2025-07-31
동부계양동66,1,,경상북도 경산시 계양동 698,35.8206884,128.7519732,,한전주,053-810-6127,경상북도 경산시 도로철도과,2025-07-31
동부계양동67,1,,경상북도 경산시 계양동 698,35.8206884,128.7519037,,한전주,053-810-6127,경상북도 경산시 도로철도과,2025-07-31
동부계양동68,1,,경상북도 경산시 계양동 698,35.8206884,128.7519037,,한전주,053-810-6127,경상북도 경산시 도로철도과,2025-07-31
동부계양동69,1,,경상북도 경산시 계양동 698,35.8206884,128.7519037,,한전주,053-810-6127,경상북도 경산시 도로철도과,2025-07-31
동부계양동70,1,,경상북도 경산시 계양동 698,35.8206884,128.7519037,,한전주,053-810-6127,경상북도 경산시 도로철도과,2025-07-31
동부계양동71,1,,경상북도 경산시 계양동 698,35.8206884,128.7519037,,한전주,053-810-6127,경상북도 경산시 도로철도과,2025-07-31
동부계양동72,1,,경상북도 경산시 계양동 698,35.8206884,128.7519037,,전용주,053-810-6127,경상북도 경산시 도로철도과,2025-07-31
동부계양동73,1,,경상북도 경산시 계양동 698,35.82068361,128.7519037,,한전주,053-810-6127,경상북도 경산시 도로철도과,2025-07-31
동부계양동74,1,,경상북도 경산시 계양동 698,35.8206884,128.7519037,,전용주,053-810-6127,경상북도 경산시 도로철도과,2025-07-31
동부계양동75,1,,경상북도 경산시 계양동 698,35.8206884,128.7519037,,한전주,053-810-6127,경상북도 경산시 도로철도과,2025-07-31
동부계양동76,1,,경상북도 경산시 계양동 699,35.82140336,128.7500992,,한전주,053-810-6127,경상북도 경산시 도로철도과,2025-07-31
동부계양동77,1,,경상북도 경산시 계양동 699,35.82140336,128.7500992,,한전주,053-810-6127,경상북도 경산시 도로철도과,2025-07-31
동부계양동78,1,,경상북도 경산시 계양동 699,35.82140336,128.7500992,,한전주,053-810-6127,경상북도 경산시 도로철도과,2025-07-31
동부계양동79,1,,경상북도 경산시 계양동 699,35.82140336,128.7500992,,한전주,053-810-6127,경상북도 경산시 도로철도과,2025-07-31
동부계양동80,1,,경상북도 경산시 계양동 700,35.82105204,128.7495687,,한전주,053-810-6127,경상북도 경산시 도로철도과,2025-07-31
동부계양동81,1,,경상북도 경산시 계양동 700,35.82105204,128.7495687,,한전주,053-810-6127,경상북도 경산시 도로철도과,2025-07-31
동부계양동82,1,,경상북도 경산시 계양동 700,35.82105204,128.7495687,,한전주,053-810-6127,경상북도 경산시 도로철도과,2025-07-31
동부계양동83,1,,경상북도 경산시 계양동 700,35.82105204,128.7495687,,한전주,053-810-6127,경상북도 경산시 도로철도과,2025-07-31
동부계양동84,1,,경상북도 경산시 계양동 700,35.82105204,128.7495687,,한전주,053-810-6127,경상북도 경산시 도로철도과,2025-07-31
동부계양동85,1,,경상북도 경산시 계양동 700,35.82105204,128.7495687,,한전주,053-810-6127,경상북도 경산시 도로철도과,2025-07-31
동부계양동86,1,,경상북도 경산시 계양동 700,35.82105204,128.7495687,,한전주,053-810-6127,경상북도 경산시 도로철도과,2025-07-31
동부계양동87,1,,경상북도 경산시 계양동 700,35.82105204,128.7495687,,한전주,053-810-6127,경상북도 경산시 도로철도과,2025-07-31
동부계양동88,1,,경상북도 경산시 계양동 701,35.82045515,128.7496334,,한전주,053-810-6127,경상북도 경산시 도로철도과,2025-07-31
동부계양동89,1,,경상북도 경산시 계양동 701,35.82045515,128.7496334,,전용주,053-810-6127,경상북도 경산시 도로철도과,2025-07-31
동부계양동90,1,,경상북도 경산시 계양동 701,35.82045515,128.7496334,,한전주,053-810-6127,경상북도 경산시 도로철도과,2025-07-31
동부계양동91,1,,경상북도 경산시 계양동 702,35.81967283,128.7506586,,한전주,053-810-6127,경상북도 경산시 도로철도과,2025-07-31
동부계양동92,1,,경상북도 경산시 계양동 702,35.81967283,128.7506586,,한전주,053-810-6127,경상북도 경산시 도로철도과,2025-07-31
동부계양동93,1,,경상북도 경산시 계양동 702,35.81967283,128.7506586,,한전주,053-810-6127,경상북도 경산시 도로철도과,2025-07-31
동부계양동94,1,,경상북도 경산시 계양동 703,35.8197218,128.7500342,,한전주,053-810-6127,경상북도 경산시 도로철도과,2025-07-31
동부계양동95,1,,경상북도 경산시 계양동 703,35.8197218,128.7500342,,한전주,053-810-6127,경상북도 경산시 도로철도과,2025-07-31
동부계양동96,1,,경상북도 경산시 계양동 703,35.81971039,128.7500342,,한전주,053-810-6127,경상북도 경산시 도로철도과,2025-07-31
동부계양동97,1,,경상북도 경산시 계양동 704,35.82008539,128.7487013,,한전주,053-810-6127,경상북도 경산시 도로철도과,2025-07-31
동부계양동98,1,,경상북도 경산시 계양동 704,35.82008539,128.748723,,한전주,053-810-6127,경상북도 경산시 도로철도과,2025-07-31
동부계양동99,1,,경상북도 경산시 계양동 704,35.82008539,128.7487013,,한전주,053-810-6127,경상북도 경산시 도로철도과,2025-07-31
동부계양동100,1,,경상북도 경산시 계양동 704,35.82008539,128.7487013,,한전주,053-810-6127,경상북도 경산시 도로철도과,2025-07-31
동부계양동101,1,,경상북도 경산시 계양동 705,35.81772812,128.7521716,,한전주,053-810-6127,경상북도 경산시 도로철도과,2025-07-31
동부계양동102,1,,경상북도 경산시 계양동 705,35.81772812,128.7521716,,한전주,053-810-6127,경상북도 경산시 도로철도과,2025-07-31
동부계양동103,1,,경상북도 경산시 계양동 706,35.81805517,128.7496519,,전용주,053-810-6127,경상북도 경산시 도로철도과,2025-07-31
동부계양동104,1,,경상북도 경산시 계양동 706,35.81805517,128.7496519,,한전주,053-810-6127,경상북도 경산시 도로철도과,2025-07-31
동부계양동105,1,,경상북도 경산시 계양동 706,35.81805517,128.7496519,,한전주,053-810-6127,경상북도 경산시 도로철도과,2025-07-31
동부계양동106,1,,경상북도 경산시 계양동 706,35.81805517,128.7496519,,한전주,053-810-6127,경상북도 경산시 도로철도과,2025-07-31
동부계양동107,1,,경상북도 경산시 계양동 706,35.81805517,128.7496519,,한전주,053-810-6127,경상북도 경산시 도로철도과,2025-07-31
동부계양동108,1,,경상북도 경산시 계양동 706,35.81805517,128.7496519,,한전주,053-810-6127,경상북도 경산시 도로철도과,2025-07-31
동부계양동109,1,,경상북도 경산시 계양동 706,35.81805517,128.7496519,,한전주,053-810-6127,경상북도 경산시 도로철도과,2025-07-31
동부계양동110,1,,경상북도 경산시 계양동 706,35.81805517,128.7496519,,전용주,053-810-6127,경상북도 경산시 도로철도과,2025-07-31
동부계양동111,1,,경상북도 경산시 계양동 707,35.81700526,128.747612,,전용주,053-810-6127,경상북도 경산시 도로철도과,2025-07-31
동부계양동112,1,,경상북도 경산시 계양동 707,35.81700526,128.7476999,,한전주,053-810-6127,경상북도 경산시 도로철도과,2025-07-31
동부계양동113,1,,경상북도 경산시 계양동 707,35.81700526,128.7476999,,한전주,053-810-6127,경상북도 경산시 도로철도과,2025-07-31
동부계양동114,1,,경상북도 경산시 계양동 707,35.81700526,128.7476999,,한전주,053-810-6127,경상북도 경산시 도로철도과,2025-07-31
동부계양동115,1,,경상북도 경산시 계양동 707,35.81700526,128.7476323,,한전주,053-810-6127,경상북도 경산시 도로철도과,2025-07-31
동부계양동116,1,,경상북도 경산시 계양동 707,35.81700526,128.7476999,,한전주,053-810-6127,경상북도 경산시 도로철도과,2025-07-31
동부계양동117,1,,경상북도 경산시 계양동 707,35.81700526,128.7476999,,한전주,053-810-6127,경상북도 경산시 도로철도과,2025-07-31
동부계양동118,1,,경상북도 경산시 계양동 708,35.81712528,128.7487472,,전용주,053-810-6127,경상북도 경산시 도로철도과,2025-07-31
동부계양동119,1,,경상북도 경산시 계양동 708,35.81712528,128.7487472,,한전주,053-810-6127,경상북도 경산시 도로철도과,2025-07-31
동부계양동120,1,,경상북도 경산시 계양동 708,35.81712528,128.7487472,,전용주,053-810-6127,경상북도 경산시 도로철도과,2025-07-31
동부계양동121,1,,경상북도 경산시 계양동 708,35.81712528,128.7487472,,한전주,053-810-6127,경상북도 경산시 도로철도과,2025-07-31
동부계양동122,1,,경상북도 경산시 계양동 708,35.81712528,128.7487472,,한전주,053-810-6127,경상북도 경산시 도로철도과,2025-07-31
동부계양동123,1,,경상북도 경산시 계양동 708,35.81712528,128.7487472,,한전주,053-810-6127,경상북도 경산시 도로철도과,2025-07-31
동부계양동124,1,,경상북도 경산시 계양동 708,35.81712528,128.7487472,,한전주,053-810-6127,경상북도 경산시 도로철도과,2025-07-31
동부계양동125,1,,경상북도 경산시 계양동 708,35.81712528,128.7487472,,전용주,053-810-6127,경상북도 경산시 도로철도과,2025-07-31
동부계양동126,1,,경상북도 경산시 계양동 708,35.81712528,128.7487472,,한전주,053-810-6127,경상북도 경산시 도로철도과,2025-07-31
동부계양동127,1,,경상북도 경산시 계양동 709,35.81647062,128.7501471,,한전주,053-810-6127,경상북도 경산시 도로철도과,2025-07-31
동부계양동128,1,,경상북도 경산시 계양동 709,35.81647062,128.7501471,,한전주,053-810-6127,경상북도 경산시 도로철도과,2025-07-31
동부계양동129,1,,경상북도 경산시 계양동 709,35.81647062,128.7501471,,전용주,053-810-6127,경상북도 경산시 도로철도과,2025-07-31
동부계양동130,1,,경상북도 경산시 계양동 709,35.8164074,128.7501471,,한전주,053-810-6127,경상북도 경산시 도로철도과,2025-07-31
동부계양동131,1,,경상북도 경산시 계양동 709,35.81647062,128.7501471,,전용주,053-810-6127,경상북도 경산시 도로철도과,2025-07-31
동부계양동132,1,,경상북도 경산시 계양동 709,35.81647062,128.7501471,,전용주,053-810-6127,경상북도 경산시 도로철도과,2025-07-31
동부계양동133,1,,경상북도 경산시 계양동 710,35.81648342,128.7508092,,한전주,053-810-6127,경상북도 경산시 도로철도과,2025-07-31
동부계양동134,1,,경상북도 경산시 계양동 710,35.81649637,128.7508092,,한전주,053-810-6127,경상북도 경산시 도로철도과,2025-07-31
동부계양동135,1,,경상북도 경산시 계양동 710,35.81649637,128.7508092,,한전주,053-810-6127,경상북도 경산시 도로철도과,2025-07-31
동부계양동136,1,,경상북도 경산시 계양동 710,35.81649637,128.7508092,,한전주,053-810-6127,경상북도 경산시 도로철도과,2025-07-31
동부계양동149,1,,경상북도 경산시 계양동 694,35.82167617,128.7523742,,한전주,053-810-6127,경상북도 경산시 도로철도과,2025-07-31
동부계양동150,1,,경상북도 경산시 계양동 695,35.81965286,128.7478724,,한전주,053-810-6127,경상북도 경산시 도로철도과,2025-07-31
동부계양동151,1,,경상북도 경산시 계양동 705,35.81772812,128.7521716,,한전주,053-810-6127,경상북도 경산시 도로철도과,2025-07-31
동부계양동153,1,,경상북도 경산시 계양동 452-7(354-4),35.82324676,128.7490661,,한전주,053-810-6127,경상북도 경산시 도로철도과,2025-07-31
동부계양동154,1,,경상북도 경산시 계양동 452-7(354-4),35.82324676,128.7490148,,한전주,053-810-6127,경상북도 경산시 도로철도과,2025-07-31
동부계양동155,1,,경상북도 경산시 계양동 442-1,35.82402684,128.7492731,,한전주,053-810-6127,경상북도 경산시 도로철도과,2025-07-31
동부계양동156,1,,경상북도 경산시 계양동 442-1,35.82407147,128.7492685,,한전주,053-810-6127,경상북도 경산시 도로철도과,2025-07-31
동부계양동157,1,,경상북도 경산시 계양동 442-1,35.82402684,128.7492685,,한전주,053-810-6127,경상북도 경산시 도로철도과,2025-07-31
동부계양동158,1,,경상북도 경산시 계양동 427-4,35.83049163,128.7521801,,한전주,053-810-6127,경상북도 경산시 도로철도과,2025-07-31
동부계양동159,1,,경상북도 경산시 계양동 427-4,35.83049163,128.7521801,,한전주,053-810-6127,경상북도 경산시 도로철도과,2025-07-31
동부계양동160,1,,경상북도 경산시 계양동 427-4,35.83049163,128.7521801,,한전주,053-810-6127,경상북도 경산시 도로철도과,2025-07-31
동부계양동161,1,,경상북도 경산시 삼풍동 231-1,35.82600921,128.749625,,한전주,053-810-6127,경상북도 경산시 도로철도과,2025-07-31
동부계양동162,1,,경상북도 경산시 삼풍동 231-1,35.82600921,128.7496261,,한전주,053-810-6127,경상북도 경산시 도로철도과,2025-07-31
동부계양동163,1,,경상북도 경산시 삼풍동 231-1,35.82600921,128.7496419,,한전주,053-810-6127,경상북도 경산시 도로철도과,2025-07-31
동부계양동164,1,,경상북도 경산시 삼풍동 230-3,35.82655541,128.7496579,,한전주,053-810-6127,경상북도 경산시 도로철도과,2025-07-31
동부계양동165,1,,경상북도 경산시 계양동 363-4,35.82751214,128.7496841,,한전주,053-810-6127,경상북도 경산시 도로철도과,2025-07-31
동부계양동166,1,,경상북도 경산시 계양동 363-4,35.82751214,128.7496735,,한전주,053-810-6127,경상북도 경산시 도로철도과,2025-07-31
동부계양동167,1,,경상북도 경산시 계양동 363-4,35.82751214,128.7496735,,한전주,053-810-6127,경상북도 경산시 도로철도과,2025-07-31
동부계양동168,1,,경상북도 경산시 계양동 363-4,35.82751214,128.7496735,,한전주,053-810-6127,경상북도 경산시 도로철도과,2025-07-31
동부계양동169,1,,경상북도 경산시 계양동 363-1,35.83049163,128.7521801,,한전주,053-810-6127,경상북도 경산시 도로철도과,2025-07-31
동부계양동170,1,,경상북도 경산시 계양동 354-4,35.82911043,128.7496961,,한전주,053-810-6127,경상북도 경산시 도로철도과,2025-07-31
동부계양동171,1,,경상북도 경산시 계양동 354-4,35.8291232,128.7496961,,한전주,053-810-6127,경상북도 경산시 도로철도과,2025-07-31
동부계양동172,1,,경상북도 경산시 계양동 354-4,35.82911043,128.7496961,,한전주,053-810-6127,경상북도 경산시 도로철도과,2025-07-31
동부계양동173,1,,경상북도 경산시 계양동 354-4,35.82911043,128.7496961,,한전주,053-810-6127,경상북도 경산시 도로철도과,2025-07-31
동부계양동174,1,,경상북도 경산시 계양동 111-3,35.83058127,128.7494908,,한전주,053-810-6127,경상북도 경산시 도로철도과,2025-07-31
동부계양동175,1,,경상북도 경산시 계양동 111-3,35.8305893,128.7494908,,한전주,053-810-6127,경상북도 경산시 도로철도과,2025-07-31
동부계양동176,1,,경상북도 경산시 계양동 111-3,35.83058127,128.7494908,,한전주,053-810-6127,경상북도 경산시 도로철도과,2025-07-31
동부계양동177,1,,경상북도 경산시 계양동 661-6,35.82175405,128.749619,,한전주,053-810-6127,경상북도 경산시 도로철도과,2025-07-31
동부계양동178,1,,경상북도 경산시 계양동 672-3,35.82167506,128.7490257,,한전주,053-810-6127,경상북도 경산시 도로철도과,2025-07-31
동부계양동179,1,,경상북도 경산시 계양동 665-1,35.82219256,128.7512662,,한전주,053-810-6127,경상북도 경산시 도로철도과,2025-07-31
동부계양동180,1,,경상북도 경산시 계양동 666-18,35.82110122,128.7524663,,한전주,053-810-6127,경상북도 경산시 도로철도과,2025-07-31
동부계양동181,1,,경상북도 경산시 계양동 702,35.81967283,128.7506586,,한전주,053-810-6127,경상북도 경산시 도로철도과,2025-07-31
동부계양동182,1,,경상북도 경산시 계양동 697,35.82142662,128.7514805,,한전주,053-810-6127,경상북도 경산시 도로철도과,2025-07-31
동부계양동183,1,,경상북도 경산시 계양동 698,35.8206884,128.7519037,,한전주,053-810-6127,경상북도 경산시 도로철도과,2025-07-31
동부계양동184,1,,경상북도 경산시 계양동 700,35.8210099,128.7495687,,한전주,053-810-6127,경상북도 경산시 도로철도과,2025-07-31
동부계양동185,1,,경상북도 경산시 계양동 700,35.82105204,128.7495687,,한전주,053-810-6127,경상북도 경산시 도로철도과,2025-07-31
동부계양동186,1,,경상북도 경산시 계양동 701,35.82045515,128.7496334,,한전주,053-810-6127,경상북도 경산시 도로철도과,2025-07-31
동부계양동187,1,,경상북도 경산시 계양동 703,35.8197218,128.7500342,,한전주,053-810-6127,경상북도 경산시 도로철도과,2025-07-31
북부갑제동5,1,,경상북도 경산시 대동 214-1,35.83049163,128.7521801,,전용주,053-810-6127,경상북도 경산시 도로철도과,2025-07-31
북부갑제동86,1,,경상북도 경산시 대동 214-1,35.83049163,128.7521801,,전용주,053-810-6127,경상북도 경산시 도로철도과,2025-07-31
북부계양동1,1,,경상북도 경산시 계양동 116,35.83196662,128.7486647,,전용주,053-810-6127,경상북도 경산시 도로철도과,2025-07-31
북부계양동2,1,,경상북도 경산시 계양동 117-9,35.83133143,128.7488167,,한전주,053-810-6127,경상북도 경산시 도로철도과,2025-07-31
북부계양동3,1,,경상북도 경산시 계양동 133-1,35.83108866,128.7483349,,전용주,053-810-6127,경상북도 경산시 도로철도과,2025-07-31
북부계양동4,1,,경상북도 경산시 계양동 133-9,35.83082827,128.7483774,,한전주,053-810-6127,경상북도 경산시 도로철도과,2025-07-31
북부계양동5,1,,경상북도 경산시 계양동 133-9,35.83082827,128.7483969,,한전주,053-810-6127,경상북도 경산시 도로철도과,2025-07-31
북부계양동6,1,,경상북도 경산시 계양동 134-1,35.83098163,128.7481968,,전용주,053-810-6127,경상북도 경산시 도로철도과,2025-07-31
북부계양동7,1,,경상북도 경산시 계양동 633-2(159),35.83228896,128.7459663,,전용주,053-810-6127,경상북도 경산시 도로철도과,2025-07-31
북부계양동8,1,,경상북도 경산시 계양동 151,35.83204134,128.7474124,,한전주,053-810-6127,경상북도 경산시 도로철도과,2025-07-31
북부계양동9,1,,경상북도 경산시 계양동 159-2,35.83189196,128.7476644,,한전주,053-810-6127,경상북도 경산시 도로철도과,2025-07-31
북부계양동10,1,,경상북도 경산시 계양동 168-16,35.83151717,128.7468483,,전용주,053-810-6127,경상북도 경산시 도로철도과,2025-07-31
북부계양동11,1,,경상북도 경산시 계양동 168-28,35.83150947,128.7470423,,한전주,053-810-6127,경상북도 경산시 도로철도과,2025-07-31
북부계양동12,1,,경상북도 경산시 계양동 168-8,35.83172063,128.7466548,,한전주,053-810-6127,경상북도 경산시 도로철도과,2025-07-31
북부계양동13,1,,경상북도 경산시 계양동 171-1,35.83108183,128.747127,,전용주,053-810-6127,경상북도 경산시 도로철도과,2025-07-31
북부계양동14,1,,경상북도 경산시 계양동 171-9,35.8311329,128.7474382,2023.0,한전주,053-810-6127,경상북도 경산시 도로철도과,2025-07-31
북부계양동15,1,,경상북도 경산시 계양동 172-7,35.83079129,128.7476983,,한전주,053-810-6127,경상북도 경산시 도로철도과,2025-07-31
북부계양동16,1,,경상북도 경산시 계양동 172-7,35.83076178,128.7476801,,한전주,053-810-6127,경상북도 경산시 도로철도과,2025-07-31
북부계양동17,1,,경상북도 경산시 계양동 172-7,35.83079129,128.7476983,,한전주,053-810-6127,경상북도 경산시 도로철도과,2025-07-31
북부계양동18,1,,경상북도 경산시 계양동 172-8,35.83061264,128.7471592,2023.0,전용주,053-810-6127,경상북도 경산시 도로철도과,2025-07-31
북부계양동19,1,,경상북도 경산시 계양동 173-2,35.83072217,128.7476497,,한전주,053-810-6127,경상북도 경산시 도로철도과,2025-07-31
북부계양동20,1,,경상북도 경산시 계양동 245-5,35.83194977,128.7455219,2022.0,한전주,053-810-6127,경상북도 경산시 도로철도과,2025-07-31
북부계양동21,1,,경상북도 경산시 계양동 241-9,35.83284652,128.7461219,,한전주,053-810-6127,경상북도 경산시 도로철도과,2025-07-31
북부계양동22,1,,경상북도 경산시 계양동 246-1,35.83250145,128.7451683,,전용주,053-810-6127,경상북도 경산시 도로철도과,2025-07-31
북부계양동23,1,,경상북도 경산시 계양동 263-6,35.83293523,128.7451141,,한전주,053-810-6127,경상북도 경산시 도로철도과,2025-07-31
북부계양동24,1,,경상북도 경산시 계양동 263-4,35.83316647,128.7450791,,한전주,053-810-6127,경상북도 경산시 도로철도과,2025-07-31
북부계양동25,1,,경상북도 경산시 계양동 262-6(농협공판장),35.83225415,128.7449539,,전용주,053-810-6127,경상북도 경산시 도로철도과,2025-07-31
북부계양동26,1,,경상북도 경산시 계양동 264-3,35.83292409,128.7454466,,한전주,053-810-6127,경상북도 경산시 도로철도과,2025-07-31
북부계양동27,1,,경상북도 경산시 계양동 264-10,35.83275252,128.7452732,,한전주,053-810-6127,경상북도 경산시 도로철도과,2025-07-31
북부계양동28,1,,경상북도 경산시 계양동 263-11,35.83254373,128.7453754,,한전주,053-810-6127,경상북도 경산시 도로철도과,2025-07-31
북부계양동29,1,,경상북도 경산시 계양동 246-11,35.83223451,128.7453553,,한전주,053-810-6127,경상북도 경산시 도로철도과,2025-07-31
북부계양동30,1,,경상북도 경산시 계양동 265-4,35.83351618,128.7450252,,한전주,053-810-6127,경상북도 경산시 도로철도과,2025-07-31
북부계양동31,1,,경상북도 경산시 계양동 265-8,35.83339098,128.745179,,한전주,053-810-6127,경상북도 경산시 도로철도과,2025-07-31
북부계양동32,1,,경상북도 경산시 계양동 265-8,35.83339098,128.745179,,한전주,053-810-6127,경상북도 경산시 도로철도과,2025-07-31
북부계양동33,1,,경상북도 경산시 계양동 266-7,35.83316901,128.7452895,,한전주,053-810-6127,경상북도 경산시 도로철도과,2025-07-31
북부계양동34,1,,경상북도 경산시 계양동 267-6,35.83340153,128.7457057,,전용주,053-810-6127,경상북도 경산시 도로철도과,2025-07-31
북부계양동35,1,,경상북도 경산시 계양동 267-11,35.833241,128.7458546,,한전주,053-810-6127,경상북도 경산시 도로철도과,2025-07-31
북부계양동36,1,,경상북도 경산시 계양동 268-10,35.83365663,128.7460504,,한전주,053-810-6127,경상북도 경산시 도로철도과,2025-07-31
북부계양동37,1,,경상북도 경산시 계양동 32-1,35.83484788,128.7470289,,한전주,053-810-6127,경상북도 경산시 도로철도과,2025-07-31
북부계양동38,1,,경상북도 경산시 계양동 633-2,35.83228557,128.7459663,,한전주,053-810-6127,경상북도 경산시 도로철도과,2025-07-31
북부계양동39,1,,경상북도 경산시 계양동 633-2,35.83228896,128.7459663,,한전주,053-810-6127,경상북도 경산시 도로철도과,2025-07-31
북부계양동40,1,,경상북도 경산시 계양동 633-2,35.83228896,128.7459663,,전용주,053-810-6127,경상북도 경산시 도로철도과,2025-07-31
북부계양동41,1,,경상북도 경산시 계양동 168-12,35.83168368,128.7467178,,한전주,053-810-6127,경상북도 경산시 도로철도과,2025-07-31
북부계양동42,1,,경상북도 경산시 계양동 634-2,35.83224966,128.7478957,2023.0,한전주,053-810-6127,경상북도 경산시 도로철도과,2025-07-31
북부계양동43,1,,경상북도 경산시 계양동 95-3(한솔원룸),35.83254117,128.7484113,,한전주,053-810-6127,경상북도 경산시 도로철도과,2025-07-31
북부계양동44,1,,경상북도 경산시 계양동 138(죠이원룸),35.83187089,128.7482488,,한전주,053-810-6127,경상북도 경산시 도로철도과,2025-07-31
북부계양동45,1,,경상북도 경산시 계양동 154-2(143),35.83227978,128.7480553,,한전주,053-810-6127,경상북도 경산시 도로철도과,2025-07-31
북부계양동46,1,,경상북도 경산시 계양동 633-30,35.83128059,128.7473428,,한전주,053-810-6127,경상북도 경산시 도로철도과,2025-07-31
북부계양동47,1,,경상북도 경산시 계양동 634-2,35.83224966,128.7478957,,한전주,053-810-6127,경상북도 경산시 도로철도과,2025-07-31
북부계양동48,1,,경상북도 경산시 계양동 119-3,35.83166747,128.7482172,,한전주,053-810-6127,경상북도 경산시 도로철도과,2025-07-31
북부계양동49,1,,경상북도 경산시 계양동 114-2,35.83230761,128.7486583,,한전주,053-810-6127,경상북도 경산시 도로철도과,2025-07-31
북부계양동50,1,,경상북도 경산시 계양동 103-5,35.83127719,128.749514,,한전주,053-810-6127,경상북도 경산시 도로철도과,2025-07-31
북부계양동51,1,,경상북도 경산시 계양동 15-6,35.83468929,128.7479797,,한전주,053-810-6127,경상북도 경산시 도로철도과,2025-07-31
북부계양동52,1,,경상북도 경산시 계양동 633-8,35.83277842,128.7480777,,전용주,053-810-6127,경상북도 경산시 도로철도과,2025-07-31
북부계양동53,1,,경상북도 경산시 계양동 168-2,35.83186051,128.7464256,,한전주,053-810-6127,경상북도 경산시 도로철도과,2025-07-31
북부계양동54,1,,경상북도 경산시 계양동 69-20,35.83211147,128.7465791,,전용주,053-810-6127,경상북도 경산시 도로철도과,2025-07-31
북부계양동55,1,,경상북도 경산시 계양동 69-7,35.83255721,128.7467178,,한전주,053-810-6127,경상북도 경산시 도로철도과,2025-07-31
북부계양동56,1,,경상북도 경산시 계양동 633-2,35.83228896,128.7459663,,한전주,053-810-6127,경상북도 경산시 도로철도과,2025-07-31
북부계양동58,1,,경상북도 경산시 계양동 93-1,35.83269145,128.748076,,전용주,053-810-6127,경상북도 경산시 도로철도과,2025-07-31
북부계양동59,1,,경상북도 경산시 계양동 633-8,35.83277842,128.7480777,,전용주,053-810-6127,경상북도 경산시 도로철도과,2025-07-31
북부계양동60,1,,경상북도 경산시 계양동 83-4,35.83319246,128.7479972,,전용주,053-810-6127,경상북도 경산시 도로철도과,2025-07-31
북부계양동61,1,,경상북도 경산시 계양동 619-14,35.83394991,128.7447257,,한전주,053-810-6127,경상북도 경산시 도로철도과,2025-07-31
북부계양동62,1,,경상북도 경산시 계양동 266-14,35.83329275,128.745523,,한전주,053-810-6127,경상북도 경산시 도로철도과,2025-07-31
북부계양동63,1,,경상북도 경산시 계양동 117-1(국제빌라),35.83175795,128.7486812,,한전주,053-810-6127,경상북도 경산시 도로철도과,2025-07-31
북부계양동64,1,,경상북도 경산시 계양동 235-14,35.83162001,128.7460423,,한전주,053-810-6127,경상북도 경산시 도로철도과,2025-07-31
북부계양동65,1,,경상북도 경산시 계양동 168-6,35.83169317,128.7463162,,한전주,053-810-6127,경상북도 경산시 도로철도과,2025-07-31
북부계양동66,1,,경상북도 경산시 계양동 138 죠이원룸 뒤,35.83182532,128.7483807,,한전주,053-810-6127,경상북도 경산시 도로철도과,2025-07-31
북부계양동67,1,,경상북도 경산시 계양동 136-5,35.83143832,128.7478825,,한전주,053-810-6127,경상북도 경산시 도로철도과,2025-07-31
북부계양동68,1,,경상북도 경산시 계양동 263-7,35.83273893,128.7451343,,한전주,053-810-6127,경상북도 경산시 도로철도과,2025-07-31
북부계양동69,1,,경상북도 경산시 계양동 168-4,35.83176491,128.7463377,,한전주,053-810-6127,경상북도 경산시 도로철도과,2025-07-31
북부계양동70,1,,경상북도 경산시 계양동 167-2,35.83180174,128.746978,,전용주,053-810-6127,경상북도 경산시 도로철도과,2025-07-31
북부계양동71,1,,경상북도 경산시 계양동 241-1,35.83284933,128.7459569,2019.0,전용주,053-810-6127,경상북도 경산시 도로철도과,2025-07-31
북부계양동72,1,,경상북도 경산시 계양동 69-12,35.83256714,128.746415,,전용주,053-810-6127,경상북도 경산시 도로철도과,2025-07-31
북부계양동137,1,,경상북도 경산시 계양동 74-2,35.83292129,128.746601,,한전주,053-810-6127,경상북도 경산시 도로철도과,2025-07-31
북부계양동138,1,,경상북도 경산시 계양동 77-2,35.83332144,128.7469694,2022.0,한전주,053-810-6127,경상북도 경산시 도로철도과,2025-07-31
북부계양동139,1,,경상북도 경산시 계양동 83-2,35.83366772,128.7472072,,한전주,053-810-6127,경상북도 경산시 도로철도과,2025-07-31
북부계양동140,1,,경상북도 경산시 계양동 39-3,35.83414499,128.7462802,,한전주,053-810-6127,경상북도 경산시 도로철도과,2025-07-31
북부계양동141,1,,경상북도 경산시 계양동 649-37,35.83382369,128.7479847,,한전주,053-810-6127,경상북도 경산시 도로철도과,2025-07-31
북부계양동142,1,,경상북도 경산시 계양동 649-37,35.83347576,128.748363,,한전주,053-810-6127,경상북도 경산시 도로철도과,2025-07-31
북부계양동143,1,,경상북도 경산시 계양동 649-37,35.83319038,128.7486997,,한전주,053-810-6127,경상북도 경산시 도로철도과,2025-07-31
북부계양동144,1,,경상북도 경산시 계양동 649-37,35.83290847,128.7489536,,한전주,053-810-6127,경상북도 경산시 도로철도과,2025-07-31
북부계양동145,1,,경상북도 경산시 계양동 649-37,35.83267238,128.7490771,,한전주,053-810-6127,경상북도 경산시 도로철도과,2025-07-31
북부계양동146,1,,경상북도 경산시 계양동 649-37,35.8323317,128.7491885,,한전주,053-810-6127,경상북도 경산시 도로철도과,2025-07-31
북부계양동147,1,,경상북도 경산시 계양동 649-37,35.83201959,128.749273,,한전주,053-810-6127,경상북도 경산시 도로철도과,2025-07-31
북부계양동148,1,,경상북도 경산시 계양동 649-37,35.83166245,128.7493551,,한전주,053-810-6127,경상북도 경산시 도로철도과,2025-07-31
임당동3,1,,경상북도 경산시 임당동 236,35.8444511,128.7481523,,한전주,053-810-6127,경상북도 경산시 도로철도과,2025-07-31
임당동7,1,,경상북도 경산시 임당동 279-5,35.84488485,128.7429736,,한전주,053-810-6127,경상북도 경산시 도로철도과,2025-07-31
임당동8,1,,경상북도 경산시 임당동 905-1,35.84412888,128.7437325,,한전주,053-810-6127,경상북도 경산시 도로철도과,2025-07-31
임당동12,1,,경상북도 경산시 임당동 323-27,35.84284894,128.7426795,,한전주,053-810-6127,경상북도 경산시 도로철도과,2025-07-31
임당동13,1,,경상북도 경산시 임당동 332-12,35.84324468,128.7423553,2022.0,한전주,053-810-6127,경상북도 경산시 도로철도과,2025-07-31
임당동14,1,,경상북도 경산시 임당동 334-3,35.84322039,128.7415953,,한전주,053-810-6127,경상북도 경산시 도로철도과,2025-07-31
임당동15,1,,경상북도 경산시 임당동 1-4,35.85054189,128.7379564,,한전주,053-810-6127,경상북도 경산시 도로철도과,2025-07-31
임당동19,1,,경상북도 경산시 임당동 526-13,35.84327103,128.7460366,,한전주,053-810-6127,경상북도 경산시 도로철도과,2025-07-31
임당동23,1,,경상북도 경산시 임당동 560-2,35.84126284,128.7479176,,전용주,053-810-6127,경상북도 경산시 도로철도과,2025-07-31
임당동24,1,,경상북도 경산시 임당동 578,35.84195622,128.7469849,,전용주,053-810-6127,경상북도 경산시 도로철도과,2025-07-31
임당동25,1,,경상북도 경산시 임당동 598-20,35.84318259,128.7506606,,한전주,053-810-6127,경상북도 경산시 도로철도과,2025-07-31
임당동26,1,,경상북도 경산시 임당동 598-3,35.84314147,128.7507716,,한전주,053-810-6127,경상북도 경산시 도로철도과,2025-07-31
임당동27,1,,경상북도 경산시 임당동 598-8,35.8426083,128.7511597,,한전주,053-810-6127,경상북도 경산시 도로철도과,2025-07-31
임당동28,1,,경상북도 경산시 임당동 599-5,35.84395676,128.7504507,,한전주,053-810-6127,경상북도 경산시 도로철도과,2025-07-31
임당동29,1,,경상북도 경산시 임당동 600-14,35.84387005,128.7506277,,한전주,053-810-6127,경상북도 경산시 도로철도과,2025-07-31
임당동30,1,,경상북도 경산시 임당동 607-4,35.84370846,128.7509858,,한전주,053-810-6127,경상북도 경산시 도로철도과,2025-07-31
임당동31,1,,경상북도 경산시 임당동 611-7,35.8438668,128.7518374,,한전주,053-810-6127,경상북도 경산시 도로철도과,2025-07-31
임당동32,1,,경상북도 경산시 임당동 611-4,35.84369438,128.7517924,,한전주,053-810-6127,경상북도 경산시 도로철도과,2025-07-31
임당동33,1,,경상북도 경산시 임당동 619-1,35.84355738,128.75215,,한전주,053-810-6127,경상북도 경산시 도로철도과,2025-07-31
임당동34,1,,경상북도 경산시 임당동 619-4,35.84362103,128.7522581,,한전주,053-810-6127,경상북도 경산시 도로철도과,2025-07-31
임당동36,1,,경상북도 경산시 임당동 657,35.84397484,128.7501848,,한전주,053-810-6127,경상북도 경산시 도로철도과,2025-07-31
임당동37,1,,경상북도 경산시 임당동 657,35.84397484,128.7501848,2023.0,한전주,053-810-6127,경상북도 경산시 도로철도과,2025-07-31
임당동38,1,,경상북도 경산시 임당동 657,35.84397484,128.7501848,,한전주,053-810-6127,경상북도 경산시 도로철도과,2025-07-31
임당동39,1,,경상북도 경산시 임당동 657-1,35.84437582,128.7512163,,한전주,053-810-6127,경상북도 경산시 도로철도과,2025-07-31
임당동40,1,,경상북도 경산시 임당동 657-1,35.84434179,128.7512163,,한전주,053-810-6127,경상북도 경산시 도로철도과,2025-07-31
임당동41,1,,경상북도 경산시 임당동 657-1,35.84437582,128.7512433,,한전주,053-810-6127,경상북도 경산시 도로철도과,2025-07-31
임당동42,1,,경상북도 경산시 임당동 657-1,35.84437582,128.7512163,,한전주,053-810-6127,경상북도 경산시 도로철도과,2025-07-31
임당동43,1,,경상북도 경산시 임당동 657-2,35.84422441,128.7519418,,한전주,053-810-6127,경상북도 경산시 도로철도과,2025-07-31
임당동44,1,,경상북도 경산시 임당동 657-2,35.84421464,128.7519418,,한전주,053-810-6127,경상북도 경산시 도로철도과,2025-07-31
임당동45,1,,경상북도 경산시 임당동 657-2,35.84428713,128.7519418,,한전주,053-810-6127,경상북도 경산시 도로철도과,2025-07-31
임당동46,1,,경상북도 경산시 임당동 657-2,35.84421464,128.7519418,,한전주,053-810-6127,경상북도 경산시 도로철도과,2025-07-31
임당동53,1,,경상북도 경산시 임당동 657-4,35.84416299,128.7489333,,한전주,053-810-6127,경상북도 경산시 도로철도과,2025-07-31
임당동56,1,,경상북도 경산시 임당동 657-4,35.84416299,128.7489333,,한전주,053-810-6127,경상북도 경산시 도로철도과,2025-07-31
임당동61,1,,경상북도 경산시 임당동 657-4,35.84416299,128.7489333,,한전주,053-810-6127,경상북도 경산시 도로철도과,2025-07-31
임당동63,1,,경상북도 경산시 임당동 660,35.84298797,128.7472039,,한전주,053-810-6127,경상북도 경산시 도로철도과,2025-07-31
임당동64,1,,경상북도 경산시 임당동 660,35.84298797,128.7472039,,전용주,053-810-6127,경상북도 경산시 도로철도과,2025-07-31
임당동65,1,,경상북도 경산시 임당동 660,35.84298797,128.7472039,,한전주,053-810-6127,경상북도 경산시 도로철도과,2025-07-31
임당동66,1,,경상북도 경산시 임당동 660,35.84293252,128.7472039,,한전주,053-810-6127,경상북도 경산시 도로철도과,2025-07-31
임당동67,1,,경상북도 경산시 임당동 660,35.84298797,128.7472039,,한전주,053-810-6127,경상북도 경산시 도로철도과,2025-07-31
임당동68,1,,경상북도 경산시 임당동 660-1,35.84229318,128.7495107,,한전주,053-810-6127,경상북도 경산시 도로철도과,2025-07-31
임당동69,1,,경상북도 경산시 임당동 660-1,35.84229318,128.7495107,,한전주,053-810-6127,경상북도 경산시 도로철도과,2025-07-31
임당동70,1,,경상북도 경산시 임당동 660-1,35.84225185,128.7495107,,한전주,053-810-6127,경상북도 경산시 도로철도과,2025-07-31
임당동71,1,,경상북도 경산시 임당동 660-1,35.84229318,128.7495107,,한전주,053-810-6127,경상북도 경산시 도로철도과,2025-07-31
임당동72,1,,경상북도 경산시 임당동 660-2,35.84229744,128.7482237,,한전주,053-810-6127,경상북도 경산시 도로철도과,2025-07-31
임당동73,1,,경상북도 경산시 임당동 660-2,35.84229744,128.7482237,,한전주,053-810-6127,경상북도 경산시 도로철도과,2025-07-31
임당동74,1,,경상북도 경산시 임당동 660-2,35.84229744,128.7482237,,한전주,053-810-6127,경상북도 경산시 도로철도과,2025-07-31
임당동75,1,,경상북도 경산시 임당동 660-2,35.84229744,128.7482237,,한전주,053-810-6127,경상북도 경산시 도로철도과,2025-07-31
임당동76,1,,경상북도 경산시 임당동 660-2,35.84229744,128.7482237,,한전주,053-810-6127,경상북도 경산시 도로철도과,2025-07-31
임당동77,1,,경상북도 경산시 임당동 660-2,35.84229744,128.7482237,,한전주,053-810-6127,경상북도 경산시 도로철도과,2025-07-31
임당동78,1,,경상북도 경산시 임당동 660-2,35.84229744,128.7482237,,한전주,053-810-6127,경상북도 경산시 도로철도과,2025-07-31
임당동79,1,,경상북도 경산시 임당동 660-2,35.84220358,128.7482237,,한전주,053-810-6127,경상북도 경산시 도로철도과,2025-07-31
임당동80,1,,경상북도 경산시 임당동 660-2,35.84229744,128.7482237,,한전주,053-810-6127,경상북도 경산시 도로철도과,2025-07-31
임당동81,1,,경상북도 경산시 임당동 660-2,35.84229744,128.7482237,,한전주,053-810-6127,경상북도 경산시 도로철도과,2025-07-31
임당동82,1,,경상북도 경산시 임당동 660-2,35.84229744,128.7482237,,한전주,053-810-6127,경상북도 경산시 도로철도과,2025-07-31
임당동83,1,,경상북도 경산시 임당동 660-2,35.84229744,128.7482237,,한전주,053-810-6127,경상북도 경산시 도로철도과,2025-07-31
임당동84,1,,경상북도 경산시 임당동 660-2,35.84229744,128.7482237,,한전주,053-810-6127,경상북도 경산시 도로철도과,2025-07-31
임당동85,1,,경상북도 경산시 임당동 660-2,35.84229744,128.7482237,,전용주,053-810-6127,경상북도 경산시 도로철도과,2025-07-31
임당동86,1,,경상북도 경산시 임당동 661,35.84185055,128.7508956,,한전주,053-810-6127,경상북도 경산시 도로철도과,2025-07-31
임당동87,1,,경상북도 경산시 임당동 661,35.84185055,128.7508956,,한전주,053-810-6127,경상북도 경산시 도로철도과,2025-07-31
임당동88,1,,경상북도 경산시 임당동 661,35.84188303,128.7508956,,한전주,053-810-6127,경상북도 경산시 도로철도과,2025-07-31
임당동89,1,,경상북도 경산시 임당동 661,35.84185055,128.7508956,,한전주,053-810-6127,경상북도 경산시 도로철도과,2025-07-31
임당동90,1,,경상북도 경산시 임당동 661,35.84185055,128.7508956,,한전주,053-810-6127,경상북도 경산시 도로철도과,2025-07-31
임당동91,1,,경상북도 경산시 임당동 661,35.84185055,128.7508956,,한전주,053-810-6127,경상북도 경산시 도로철도과,2025-07-31
임당동92,1,,경상북도 경산시 임당동 628-6,35.84197476,128.7508971,,한전주,053-810-6127,경상북도 경산시 도로철도과,2025-07-31
임당동93,1,,경상북도 경산시 임당동 661,35.84185055,128.7508956,,한전주,053-810-6127,경상북도 경산시 도로철도과,2025-07-31
임당동94,1,,경상북도 경산시 임당동 661,35.84184992,128.7508956,,한전주,053-810-6127,경상북도 경산시 도로철도과,2025-07-31
임당동95,1,,경상북도 경산시 임당동 668,35.84017164,128.7507878,,한전주,053-810-6127,경상북도 경산시 도로철도과,2025-07-31
임당동97,1,,경상북도 경산시 임당동 661-1,35.84098458,128.752073,,한전주,053-810-6127,경상북도 경산시 도로철도과,2025-07-31
임당동100,1,,경상북도 경산시 임당동 661-1,35.840904,128.752073,,한전주,053-810-6127,경상북도 경산시 도로철도과,2025-07-31
임당동101,1,,경상북도 경산시 임당동 661-1,35.840904,128.752073,,한전주,053-810-6127,경상북도 경산시 도로철도과,2025-07-31
임당동102,1,,경상북도 경산시 임당동 661-2,35.84151398,128.751601,,한전주,053-810-6127,경상북도 경산시 도로철도과,2025-07-31
임당동103,1,,경상북도 경산시 임당동 661-2,35.84151398,128.751601,,한전주,053-810-6127,경상북도 경산시 도로철도과,2025-07-31
임당동104,1,,경상북도 경산시 임당동 661-2,35.84151398,128.751601,,한전주,053-810-6127,경상북도 경산시 도로철도과,2025-07-31
임당동105,1,,경상북도 경산시 임당동 661-2,35.84151398,128.7516901,,한전주,053-810-6127,경상북도 경산시 도로철도과,2025-07-31
임당동106,1,,경상북도 경산시 임당동 661-2,35.84151398,128.751601,,한전주,053-810-6127,경상북도 경산시 도로철도과,2025-07-31
임당동107,1,,경상북도 경산시 임당동 661-2,35.84151398,128.751601,,한전주,053-810-6127,경상북도 경산시 도로철도과,2025-07-31
임당동108,1,,경상북도 경산시 임당동 661-2,35.84151398,128.751601,,한전주,053-810-6127,경상북도 경산시 도로철도과,2025-07-31
임당동109,1,,경상북도 경산시 임당동 661-2,35.84151398,128.751601,,한전주,053-810-6127,경상북도 경산시 도로철도과,2025-07-31
임당동110,1,,경상북도 경산시 임당동 661-2,35.84151398,128.751601,,한전주,053-810-6127,경상북도 경산시 도로철도과,2025-07-31
임당동117,1,,경상북도 경산시 임당동 661-3,35.84124154,128.7529731,,한전주,053-810-6127,경상북도 경산시 도로철도과,2025-07-31
임당동119,1,,경상북도 경산시 임당동 662,35.84316637,128.7521011,,한전주,053-810-6127,경상북도 경산시 도로철도과,2025-07-31
임당동120,1,,경상북도 경산시 임당동 662,35.84316637,128.7521011,,전용주,053-810-6127,경상북도 경산시 도로철도과,2025-07-31
임당동121,1,,경상북도 경산시 임당동 662,35.84316637,128.7521011,,한전주,053-810-6127,경상북도 경산시 도로철도과,2025-07-31
임당동122,1,,경상북도 경산시 임당동 662,35.84315504,128.7521984,,한전주,053-810-6127,경상북도 경산시 도로철도과,2025-07-31
임당동124,1,,경상북도 경산시 임당동 662,35.84316637,128.7521011,,한전주,053-810-6127,경상북도 경산시 도로철도과,2025-07-31
임당동125,1,,경상북도 경산시 임당동 894-15,35.84053069,128.7480364,,한전주,053-810-6127,경상북도 경산시 도로철도과,2025-07-31
임당동126,1,,경상북도 경산시 임당동 686-2,35.84079774,128.7482772,,전용주,053-810-6127,경상북도 경산시 도로철도과,2025-07-31
임당동130,1,,경상북도 경산시 임당동 894-21,35.83956389,128.7484468,,한전주,053-810-6127,경상북도 경산시 도로철도과,2025-07-31
임당동132,1,,경상북도 경산시 임당동 892,35.84443001,128.7460356,,한전주,053-810-6127,경상북도 경산시 도로철도과,2025-07-31
임당동133,1,,경상북도 경산시 임당동 892,35.84443001,128.7460356,,한전주,053-810-6127,경상북도 경산시 도로철도과,2025-07-31
임당동135,1,,경상북도 경산시 임당동 894-1,35.84296547,128.7456358,,한전주,053-810-6127,경상북도 경산시 도로철도과,2025-07-31
임당동138,1,,경상북도 경산시 임당동 558-3,35.84102488,128.7475758,,한전주,053-810-6127,경상북도 경산시 도로철도과,2025-07-31
임당동139,1,,경상북도 경산시 임당동 693,35.84053729,128.7473856,,한전주,053-810-6127,경상북도 경산시 도로철도과,2025-07-31
임당동140,1,,경상북도 경산시 임당동 894-15,35.84032663,128.7476486,,한전주,053-810-6127,경상북도 경산시 도로철도과,2025-07-31
임당동141,1,,경상북도 경산시 임당동 560-3,35.84109899,128.7481335,,전용주,053-810-6127,경상북도 경산시 도로철도과,2025-07-31
임당동143,1,,경상북도 경산시 임당동 894-1,35.84296547,128.7456358,,한전주,053-810-6127,경상북도 경산시 도로철도과,2025-07-31
임당동144,1,,경상북도 경산시 임당동 894-4,35.84390845,128.7474569,,한전주,053-810-6127,경상북도 경산시 도로철도과,2025-07-31
임당동147,1,,경상북도 경산시 임당동 632,35.84039006,128.7516937,2020.0,한전주,053-810-6127,경상북도 경산시 도로철도과,2025-07-31
임당동149,1,,경상북도 경산시 임당동 896-6,35.84473306,128.7475645,,한전주,053-810-6127,경상북도 경산시 도로철도과,2025-07-31
임당동150,1,,경상북도 경산시 임당동 201-1,35.84544132,128.7481853,,한전주,053-810-6127,경상북도 경산시 도로철도과,2025-07-31
임당동152,1,,경상북도 경산시 임당동 896-6,35.84473306,128.7475136,,한전주,053-810-6127,경상북도 경산시 도로철도과,2025-07-31
임당동160,1,,경상북도 경산시 임당동 467-12,35.84239767,128.7434892,,한전주,053-810-6127,경상북도 경산시 도로철도과,2025-07-31
임당동161,1,,경상북도 경산시 임당동 899-2,35.84105089,128.7459523,,한전주,053-810-6127,경상북도 경산시 도로철도과,2025-07-31
임당동162,1,,경상북도 경산시 임당동 905-1,35.84412888,128.7437325,2021.0,한전주,053-810-6127,경상북도 경산시 도로철도과,2025-07-31
임당동166,1,,경상북도 경산시 임당동 905-1,35.84410146,128.7437693,,한전주,053-810-6127,경상북도 경산시 도로철도과,2025-07-31
임당동167,1,,경상북도 경산시 임당동 905-1,35.84412888,128.7437325,,한전주,053-810-6127,경상북도 경산시 도로철도과,2025-07-31
임당동169,1,,경상북도 경산시 임당동 905-1,35.84412888,128.7437325,,한전주,053-810-6127,경상북도 경산시 도로철도과,2025-07-31
임당동170,1,,경상북도 경산시 임당동 905-1,35.84412888,128.7437325,,한전주,053-810-6127,경상북도 경산시 도로철도과,2025-07-31
임당동172,1,,경상북도 경산시 임당동 910-11,35.83854049,128.7490383,,한전주,053-810-6127,경상북도 경산시 도로철도과,2025-07-31
임당동173,1,,경상북도 경산시 임당동 910-2,35.84715597,128.7435513,,한전주,053-810-6127,경상북도 경산시 도로철도과,2025-07-31
임당동175,1,,경상북도 경산시 임당동 910-2,35.84715597,128.7435513,,한전주,053-810-6127,경상북도 경산시 도로철도과,2025-07-31
임당동177,1,,경상북도 경산시 임당동 910-2,35.84715597,128.7435513,,한전주,053-810-6127,경상북도 경산시 도로철도과,2025-07-31
임당동178,1,,경상북도 경산시 임당동 910-2,35.84715597,128.7435513,,한전주,053-810-6127,경상북도 경산시 도로철도과,2025-07-31
임당동179,1,,경상북도 경산시 임당동 910-2,35.84715597,128.7435513,,한전주,053-810-6127,경상북도 경산시 도로철도과,2025-07-31
임당동180,1,,경상북도 경산시 임당동 910-3,35.84656544,128.7450959,,한전주,053-810-6127,경상북도 경산시 도로철도과,2025-07-31
임당동181,1,,경상북도 경산시 임당동 910-3,35.84656544,128.7450959,,한전주,053-810-6127,경상북도 경산시 도로철도과,2025-07-31
임당동182,1,,경상북도 경산시 임당동 910-9,35.83756316,128.7415794,,한전주,053-810-6127,경상북도 경산시 도로철도과,2025-07-31
임당동186,1,,경상북도 경산시 임당동 910-9,35.83756316,128.7415794,,전용주,053-810-6127,경상북도 경산시 도로철도과,2025-07-31
임당동187,1,,경상북도 경산시 임당동 910-9,35.83756316,128.7415794,,한전주,053-810-6127,경상북도 경산시 도로철도과,2025-07-31
임당동188,1,,경상북도 경산시 임당동 910-9,35.83756316,128.7415794,,한전주,053-810-6127,경상북도 경산시 도로철도과,2025-07-31
임당동189,1,,경상북도 경산시 임당동 910-9,35.83756316,128.7415794,,한전주,053-810-6127,경상북도 경산시 도로철도과,2025-07-31
임당동190,1,,경상북도 경산시 임당동 660-1,35.84229318,128.7495107,,한전주,053-810-6127,경상북도 경산시 도로철도과,2025-07-31
임당동191,1,,경상북도 경산시 임당동 580-7,35.84172492,128.748564,,한전주,053-810-6127,경상북도 경산시 도로철도과,2025-07-31
임당동192,1,,경상북도 경산시 임당동 661-1,35.840904,128.752073,,한전주,053-810-6127,경상북도 경산시 도로철도과,2025-07-31
임당동193,1,,경상북도 경산시 임당동 661-3,35.84124154,128.7529731,,한전주,053-810-6127,경상북도 경산시 도로철도과,2025-07-31
임당동194,1,,경상북도 경산시 임당동 657,35.84397484,128.7501848,,한전주,053-810-6127,경상북도 경산시 도로철도과,2025-07-31
임당동195,1,,경상북도 경산시 임당동 657-3,35.84367534,128.7495951,,한전주,053-810-6127,경상북도 경산시 도로철도과,2025-07-31
임당동196,1,,경상북도 경산시 임당동 657,35.84397484,128.7501848,,한전주,053-810-6127,경상북도 경산시 도로철도과,2025-07-31
임당동198,1,,경상북도 경산시 임당동 645-8,35.84080545,128.7525927,,한전주,053-810-6127,경상북도 경산시 도로철도과,2025-07-31
임당동199,1,,경상북도 경산시 임당동 660,35.84298797,128.7472039,,한전주,053-810-6127,경상북도 경산시 도로철도과,2025-07-31
임당동200,1,,경상북도 경산시 임당동 243-3,35.84489559,128.7471378,,한전주,053-810-6127,경상북도 경산시 도로철도과,2025-07-31
임당동201,1,,경상북도 경산시 임당동 657-4,35.84416299,128.7489333,,한전주,053-810-6127,경상북도 경산시 도로철도과,2025-07-31
임당동202,1,,경상북도 경산시 임당동 194-6,35.84538933,128.7465607,,한전주,053-810-6127,경상북도 경산시 도로철도과,2025-07-31
임당동203,1,,경상북도 경산시 임당동 781,35.83905125,128.7477047,,전용주,053-810-6127,경상북도 경산시 도로철도과,2025-07-31
임당동204,1,,경상북도 경산시 임당동 910-3,35.84656544,128.7450959,,전용주,053-810-6127,경상북도 경산시 도로철도과,2025-07-31
임당동205,1,,경상북도 경산시 임당동 910-3,35.84656544,128.7450959,,전용주,053-810-6127,경상북도 경산시 도로철도과,2025-07-31
임당동206,1,,경상북도 경산시 임당동 910-2,35.84715597,128.7435513,,전용주,053-810-6127,경상북도 경산시 도로철도과,2025-07-31
임당동207,1,,경상북도 경산시 임당동 910-3,35.84656544,128.7450959,,한전주,053-810-6127,경상북도 경산시 도로철도과,2025-07-31
임당동208,1,,경상북도 경산시 임당동 188-1,35.84586963,128.747172,,전용주,053-810-6127,경상북도 경산시 도로철도과,2025-07-31
임당동209,1,,경상북도 경산시 임당동 190,35.84614283,128.7464635,,한전주,053-810-6127,경상북도 경산시 도로철도과,2025-07-31
임당동210,1,,경상북도 경산시 임당동 86,35.84681404,128.7457306,,한전주,053-810-6127,경상북도 경산시 도로철도과,2025-07-31
임당동211,1,,경상북도 경산시 임당동 96-2,35.84899378,128.7439734,,한전주,053-810-6127,경상북도 경산시 도로철도과,2025-07-31
임당동213,1,,경상북도 경산시 임당동 896-11,35.84354734,128.7505872,,한전주,053-810-6127,경상북도 경산시 도로철도과,2025-07-31
임당동214,1,,경상북도 경산시 임당동 286-1,35.84465339,128.7420667,,한전주,053-810-6127,경상북도 경산시 도로철도과,2025-07-31
임당동215,1,,경상북도 경산시 임당동 62-1,35.84767517,128.7448734,,한전주,053-810-6127,경상북도 경산시 도로철도과,2025-07-31
임당동217,1,,경상북도 경산시 임당동 910-9,35.83756316,128.7415794,,한전주,053-810-6127,경상북도 경산시 도로철도과,2025-07-31
임당동219,1,,경상북도 경산시 임당동 741-2,35.83946842,128.7481842,2019.0,전용주,053-810-6127,경상북도 경산시 도로철도과,2025-07-31
임당동220,1,,경상북도 경산시 임당동 894-25,35.83921401,128.7486494,,전용주,053-810-6127,경상북도 경산시 도로철도과,2025-07-31
임당동221,1,,경상북도 경산시 임당동 743-6,35.8389527,128.7490351,,전용주,053-810-6127,경상북도 경산시 도로철도과,2025-07-31
임당동222,1,,경상북도 경산시 임당동 741-5,35.83957078,128.7481454,,한전주,053-810-6127,경상북도 경산시 도로철도과,2025-07-31
임당동225,1,,경상북도 경산시 임당동 232-1,35.84434448,128.7485174,2019.0,한전주,053-810-6127,경상북도 경산시 도로철도과,2025-07-31
임당동226,1,,경상북도 경산시 임당동 274,35.84527326,128.743399,2020.0,전용주,053-810-6127,경상북도 경산시 도로철도과,2025-07-31
임당동230,1,,경상북도 경산시 임당동 288-2,35.84496562,128.7421034,,한전주,053-810-6127,경상북도 경산시 도로철도과,2025-07-31
임당동233,1,,경상북도 경산시 임당동 661,35.84185055,128.7508956,,한전주,053-810-6127,경상북도 경산시 도로철도과,2025-07-31
임당동234,1,,경상북도 경산시 임당동 910-5,35.8478536,128.7439295,2021.0,한전주,053-810-6127,경상북도 경산시 도로철도과,2025-07-31
임당동235,1,,경상북도 경산시 임당동 660-2,35.84229744,128.7482237,2023.0,한전주,053-810-6127,경상북도 경산시 도로철도과,2025-07-31
임당동236,1,,경상북도 경산시 임당동 660-2,35.84229744,128.7482237,,한전주,053-810-6127,경상북도 경산시 도로철도과,2025-07-31
임당동237,1,,경상북도 경산시 임당동 632,35.84039006,128.7516937,,한전주,053-810-6127,경상북도 경산시 도로철도과,2025-07-31
임당동240,1,,경상북도 경산시 임당동 661-1,35.840904,128.752073,,한전주,053-810-6127,경상북도 경산시 도로철도과,2025-07-31
임당동241,1,,경상북도 경산시 임당동 321,35.84317441,128.743233,2020.0,한전주,053-810-6127,경상북도 경산시 도로철도과,2025-07-31
임당동242,1,,경상북도 경산시 임당동 660-1,35.84229318,128.7495107,,한전주,053-810-6127,경상북도 경산시 도로철도과,2025-07-31
임당동243,1,,경상북도 경산시 임당동 658,35.84271113,128.7497744,2021.0,한전주,053-810-6127,경상북도 경산시 도로철도과,2025-07-31
임당동244,1,,경상북도 경산시 임당동 677,35.83962057,128.7491548,2021.0,한전주,053-810-6127,경상북도 경산시 도로철도과,2025-07-31
임당동245,1,,경상북도 경산시 임당동 402-21,35.83986761,128.7476988,2021.0,한전주,053-810-6127,경상북도 경산시 도로철도과,2025-07-31
임당동246,1,,경상북도 경산시 임당동 334-20,35.84394004,128.7416187,2021.0,전용주,053-810-6127,경상북도 경산시 도로철도과,2025-07-31
임당동247,1,,경상북도 경산시 임당동 630-5,35.8418628,128.7497059,2021.0,건축물,053-810-6127,경상북도 경산시 도로철도과,2025-07-31
임당동248,1,,경상북도 경산시 임당동 910-2,35.84715597,128.7435513,2021.0,한전주,053-810-6127,경상북도 경산시 도로철도과,2025-07-31
임당동249,1,,경상북도 경산시 임당동 567-2,35.84320817,128.7500659,,한전주,053-810-6127,경상북도 경산시 도로철도과,2025-07-31
임당동250,1,,경상북도 경산시 임당동 896-3,35.84956918,128.7459178,2022.0,한전주,053-810-6127,경상북도 경산시 도로철도과,2025-07-31
임당동251,1,,경상북도 경산시 임당동 651-3,35.84305339,128.7530206,2023.0,한전주,053-810-6127,경상북도 경산시 도로철도과,2025-07-31
임당동252,1,,경상북도 경산시 임당동 663-11,35.84150762,128.749319,2023.0,한전주,053-810-6127,경상북도 경산시 도로철도과,2025-07-31
임당동253,1,,경상북도 경산시 임당동 910-2,35.84715597,128.7435646,2023.0,한전주,053-810-6127,경상북도 경산시 도로철도과,2025-07-31
조영동1,1,,경상북도 경산시 조영동 187-4,35.84622144,128.7483614,2022.0,한전주,053-810-6127,경상북도 경산시 도로철도과,2025-07-31
조영동9,1,,경상북도 경산시 조영동 250-6,35.83943917,128.7560277,,한전주,053-810-6127,경상북도 경산시 도로철도과,2025-07-31
조영동11,1,,경상북도 경산시 조영동 251-2,35.84028148,128.7561697,,한전주,053-810-6127,경상북도 경산시 도로철도과,2025-07-31
조영동12,1,,경상북도 경산시 조영동 251-2,35.84025844,128.7561705,,한전주,053-810-6127,경상북도 경산시 도로철도과,2025-07-31
조영동13,1,,경상북도 경산시 조영동 251-2,35.84023671,128.7561705,,한전주,053-810-6127,경상북도 경산시 도로철도과,2025-07-31
조영동16,1,,경상북도 경산시 조영동 251-32,35.84004707,128.7557172,,한전주,053-810-6127,경상북도 경산시 도로철도과,2025-07-31
조영동18,1,,경상북도 경산시 조영동 251-2,35.84028148,128.7561705,,한전주,053-810-6127,경상북도 경산시 도로철도과,2025-07-31
조영동20,1,,경상북도 경산시 조영동 256-1,35.84045162,128.7552702,,한전주,053-810-6127,경상북도 경산시 도로철도과,2025-07-31
조영동21,1,,경상북도 경산시 조영동 278-24,35.83899147,128.7545023,,한전주,053-810-6127,경상북도 경산시 도로철도과,2025-07-31
조영동22,1,,경상북도 경산시 조영동 276,35.83977276,128.7543423,,한전주,053-810-6127,경상북도 경산시 도로철도과,2025-07-31
조영동23,1,,경상북도 경산시 조영동 280-12,35.83786849,128.7544254,,한전주,053-810-6127,경상북도 경산시 도로철도과,2025-07-31
조영동24,1,,경상북도 경산시 조영동 280-52,35.83811426,128.7547293,,한전주,053-810-6127,경상북도 경산시 도로철도과,2025-07-31
조영동25,1,,경상북도 경산시 조영동 291-1,35.83878337,128.7551658,,한전주,053-810-6127,경상북도 경산시 도로철도과,2025-07-31
조영동26,1,,경상북도 경산시 조영동 534-16,35.83860129,128.7569138,,한전주,053-810-6127,경상북도 경산시 도로철도과,2025-07-31
조영동27,1,,경상북도 경산시 조영동 300-11,35.8397785,128.7553123,,한전주,053-810-6127,경상북도 경산시 도로철도과,2025-07-31
조영동28,1,,경상북도 경산시 조영동 304-1,35.83916613,128.7553901,,전용주,053-810-6127,경상북도 경산시 도로철도과,2025-07-31
조영동29,1,,경상북도 경산시 조영동 305-16,35.83922887,128.7555797,,전용주,053-810-6127,경상북도 경산시 도로철도과,2025-07-31
조영동30,1,,경상북도 경산시 대동 214-1,35.83049163,128.7521801,,한전주,053-810-6127,경상북도 경산시 도로철도과,2025-07-31
조영동31,1,,경상북도 경산시 조영동 321,35.83049163,128.7521801,,전용주,053-810-6127,경상북도 경산시 도로철도과,2025-07-31
조영동32,1,,경상북도 경산시 조영동 321-3,35.83049163,128.7521801,,전용주,053-810-6127,경상북도 경산시 도로철도과,2025-07-31
조영동33,1,,경상북도 경산시 조영동 321,35.83049163,128.7521801,,전용주,053-810-6127,경상북도 경산시 도로철도과,2025-07-31
조영동34,1,,경상북도 경산시 조영동 325,35.83804338,128.7568602,,한전주,053-810-6127,경상북도 경산시 도로철도과,2025-07-31
조영동35,1,,경상북도 경산시 조영동 325,35.83804338,128.7568602,,한전주,053-810-6127,경상북도 경산시 도로철도과,2025-07-31
조영동36,1,,경상북도 경산시 조영동 325-4,35.83767844,128.7568095,,전용주,053-810-6127,경상북도 경산시 도로철도과,2025-07-31
조영동37,1,,경상북도 경산시 조영동 331-2,35.8379136,128.7570184,,한전주,053-810-6127,경상북도 경산시 도로철도과,2025-07-31
조영동38,1,,경상북도 경산시 조영동 341-1,35.83794891,128.7577984,,한전주,053-810-6127,경상북도 경산시 도로철도과,2025-07-31
조영동39,1,,경상북도 경산시 조영동 355-12,35.83877652,128.7590751,,한전주,053-810-6127,경상북도 경산시 도로철도과,2025-07-31
조영동40,1,,경상북도 경산시 조영동 243-5,35.83883956,128.7589338,,한전주,053-810-6127,경상북도 경산시 도로철도과,2025-07-31
조영동41,1,,경상북도 경산시 조영동 534-16,35.83860129,128.7569138,,한전주,053-810-6127,경상북도 경산시 도로철도과,2025-07-31
조영동42,1,,경상북도 경산시 조영동 358-7,35.83849835,128.7587699,,전용주,053-810-6127,경상북도 경산시 도로철도과,2025-07-31
조영동43,1,,경상북도 경산시 조영동 365,35.83834709,128.7578684,,한전주,053-810-6127,경상북도 경산시 도로철도과,2025-07-31
조영동44,1,,경상북도 경산시 조영동 371-10,35.83798794,128.7584779,,한전주,053-810-6127,경상북도 경산시 도로철도과,2025-07-31
조영동45,1,,경상북도 경산시 조영동 372-17,35.83811444,128.7596575,,한전주,053-810-6127,경상북도 경산시 도로철도과,2025-07-31
조영동46,1,,경상북도 경산시 조영동 372-17,35.83818672,128.7596575,,한전주,053-810-6127,경상북도 경산시 도로철도과,2025-07-31
조영동47,1,,경상북도 경산시 조영동 372-26,35.83790062,128.7591821,,한전주,053-810-6127,경상북도 경산시 도로철도과,2025-07-31
조영동48,1,,경상북도 경산시 조영동 372-3,35.83800441,128.7595941,,한전주,053-810-6127,경상북도 경산시 도로철도과,2025-07-31
조영동49,1,,경상북도 경산시 조영동 372-6,35.83847632,128.7595976,,한전주,053-810-6127,경상북도 경산시 도로철도과,2025-07-31
조영동50,1,,경상북도 경산시 조영동 374-1,35.83839256,128.7602125,,한전주,053-810-6127,경상북도 경산시 도로철도과,2025-07-31
조영동51,1,,경상북도 경산시 조영동 388-12,35.83787427,128.7587057,,한전주,053-810-6127,경상북도 경산시 도로철도과,2025-07-31
조영동52,1,,경상북도 경산시 조영동 388-7,35.83784979,128.7593071,,한전주,053-810-6127,경상북도 경산시 도로철도과,2025-07-31
조영동53,1,,경상북도 경산시 조영동 388-25,35.83755634,128.7597011,,한전주,053-810-6127,경상북도 경산시 도로철도과,2025-07-31
조영동54,1,,경상북도 경산시 조영동 388-5,35.83777737,128.7588913,,한전주,053-810-6127,경상북도 경산시 도로철도과,2025-07-31
조영동55,1,,경상북도 경산시 조영동 533-1,35.83049163,128.7521801,,한전주,053-810-6127,경상북도 경산시 도로철도과,2025-07-31
조영동56,1,,경상북도 경산시 조영동 530-4,35.83792441,128.7580568,,한전주,053-810-6127,경상북도 경산시 도로철도과,2025-07-31
조영동57,1,,경상북도 경산시 조영동 530-3,35.83840885,128.7585195,,한전주,053-810-6127,경상북도 경산시 도로철도과,2025-07-31
조영동58,1,,경상북도 경산시 조영동 339,35.83765006,128.7578414,,한전주,053-810-6127,경상북도 경산시 도로철도과,2025-07-31
조영동59,1,,경상북도 경산시 조영동 534-14,35.8422902,128.7539705,,한전주,053-810-6127,경상북도 경산시 도로철도과,2025-07-31
조영동60,1,,경상북도 경산시 조영동 285-2,35.83830956,128.7549804,,한전주,053-810-6127,경상북도 경산시 도로철도과,2025-07-31
조영동61,1,,경상북도 경산시 조영동575 어린이2공원,35.84023978,128.7533906,,한전주,053-810-6127,경상북도 경산시 도로철도과,2025-07-31
조영동62,1,,경상북도 경산시 조영동 534-16,35.83860129,128.7569138,,한전주,053-810-6127,경상북도 경산시 도로철도과,2025-07-31
조영동63,1,,경상북도 경산시 조영동296-1,35.83914526,128.7549437,,한전주,053-810-6127,경상북도 경산시 도로철도과,2025-07-31
조영동64,1,,경상북도 경산시 조영동299-3,35.839351,128.7550968,,한전주,053-810-6127,경상북도 경산시 도로철도과,2025-07-31
조영동65,1,,경상북도 경산시 조영동 278-4,35.83924419,128.7544942,,한전주,053-810-6127,경상북도 경산시 도로철도과,2025-07-31
조영동66,1,,경상북도 경산시 조영동 261-3,35.84002431,128.7542869,,한전주,053-810-6127,경상북도 경산시 도로철도과,2025-07-31
조영동68,1,,경상북도 경산시 조영동 534-16,35.83863072,128.7569138,,한전주,053-810-6127,경상북도 경산시 도로철도과,2025-07-31
조영동69,1,,경상북도 경산시 조영동 534-16,35.83860129,128.7569138,,한전주,053-810-6127,경상북도 경산시 도로철도과,2025-07-31
조영동70,1,,경상북도 경산시 조영동 534-16,35.83860129,128.7569138,,한전주,053-810-6127,경상북도 경산시 도로철도과,2025-07-31
조영동71,1,,경상북도 경산시 조영동 370-3,35.83821709,128.7587094,,한전주,053-810-6127,경상북도 경산시 도로철도과,2025-07-31
조영동72,1,,경상북도 경산시 조영동 349-16,35.83876042,128.7582604,,한전주,053-810-6127,경상북도 경산시 도로철도과,2025-07-31
조영동73,1,,경상북도 경산시 조영동 243-62,35.83882836,128.7576327,,한전주,053-810-6127,경상북도 경산시 도로철도과,2025-07-31
조영동74,1,,경상북도 경산시 조영동 372-5,35.83838415,128.7592006,,한전주,053-810-6127,경상북도 경산시 도로철도과,2025-07-31
조영동75,1,,경상북도 경산시 조영동 253-4,35.84066595,128.7551949,,한전주,053-810-6127,경상북도 경산시 도로철도과,2025-07-31
조영동76,1,,경상북도 경산시 조영동 255-2,35.84035802,128.7551516,,한전주,053-810-6127,경상북도 경산시 도로철도과,2025-07-31
조영동77,1,,경상북도 경산시 조영동 256-2,35.8401096,128.7553175,,한전주,053-810-6127,경상북도 경산시 도로철도과,2025-07-31
조영동78,1,,경상북도 경산시 조영동 554,35.85058424,128.7471296,2022.0,한전주,053-810-6127,경상북도 경산시 도로철도과,2025-07-31
조영동79,1,,경상북도 경산시 조영동 593,35.839636,128.7535875,,한전주,053-810-6127,경상북도 경산시 도로철도과,2025-07-31
조영동80,1,,경상북도 경산시 조영동 584,35.84251257,128.7531123,,한전주,053-810-6127,경상북도 경산시 도로철도과,2025-07-31
조영동81,1,,경상북도 경산시 조영동 584,35.84251257,128.7531123,,한전주,053-810-6127,경상북도 경산시 도로철도과,2025-07-31
조영동83,1,,경상북도 경산시 조영동 584,35.84251257,128.753152,,한전주,053-810-6127,경상북도 경산시 도로철도과,2025-07-31
조영동84,1,,경상북도 경산시 조영동 239-42,35.84038716,128.7572576,2020.0,전용주,053-810-6127,경상북도 경산시 도로철도과,2025-07-31
조영동85,1,,경상북도 경산시 조영동 585,35.84302807,128.7541296,,전용주,053-810-6127,경상북도 경산시 도로철도과,2025-07-31
조영동86,1,,경상북도 경산시 조영동 585,35.84302807,128.7541296,,한전주,053-810-6127,경상북도 경산시 도로철도과,2025-07-31
조영동87,1,,경상북도 경산시 조영동 585,35.84306197,128.7541296,,한전주,053-810-6127,경상북도 경산시 도로철도과,2025-07-31
조영동88,1,,경상북도 경산시 조영동 585,35.84307828,128.7541296,,전용주,053-810-6127,경상북도 경산시 도로철도과,2025-07-31
조영동89,1,,경상북도 경산시 조영동 585,35.84302807,128.7541296,,한전주,053-810-6127,경상북도 경산시 도로철도과,2025-07-31
조영동91,1,,경상북도 경산시 조영동 586,35.84289159,128.7552269,,한전주,053-810-6127,경상북도 경산시 도로철도과,2025-07-31
조영동94,1,,경상북도 경산시 조영동 586,35.84289159,128.7552269,,한전주,053-810-6127,경상북도 경산시 도로철도과,2025-07-31
조영동97,1,,경상북도 경산시 조영동 586,35.84289159,128.7552269,,한전주,053-810-6127,경상북도 경산시 도로철도과,2025-07-31
조영동98,1,,경상북도 경산시 조영동 587,35.84340738,128.7558198,,한전주,053-810-6127,경상북도 경산시 도로철도과,2025-07-31
조영동102,1,,경상북도 경산시 조영동 587,35.84341444,128.7558595,,한전주,053-810-6127,경상북도 경산시 도로철도과,2025-07-31
조영동105,1,,경상북도 경산시 조영동 588,35.84214754,128.7538149,,한전주,053-810-6127,경상북도 경산시 도로철도과,2025-07-31
조영동106,1,,경상북도 경산시 조영동 588,35.84214754,128.7538149,,한전주,053-810-6127,경상북도 경산시 도로철도과,2025-07-31
조영동107,1,,경상북도 경산시 조영동 588,35.84214754,128.753896,,한전주,053-810-6127,경상북도 경산시 도로철도과,2025-07-31
조영동108,1,,경상북도 경산시 조영동 588,35.84214754,128.7538503,,한전주,053-810-6127,경상북도 경산시 도로철도과,2025-07-31
조영동109,1,,경상북도 경산시 조영동 588,35.84214754,128.7538149,,한전주,053-810-6127,경상북도 경산시 도로철도과,2025-07-31
조영동110,1,,경상북도 경산시 조영동 589,35.84197168,128.7534529,,전용주,053-810-6127,경상북도 경산시 도로철도과,2025-07-31
조영동111,1,,경상북도 경산시 조영동 589,35.84197168,128.7534932,,한전주,053-810-6127,경상북도 경산시 도로철도과,2025-07-31
조영동112,1,,경상북도 경산시 대동 17-14 박진사 뒤,35.83972073,128.7515988,,한전주,053-810-6127,경상북도 경산시 도로철도과,2025-07-31
조영동113,1,,경상북도 경산시 조영동 576-10,35.83981081,128.7535965,,한전주,053-810-6127,경상북도 경산시 도로철도과,2025-07-31
조영동114,1,,경상북도 경산시 조영동 576-7,35.84001933,128.7537789,,한전주,053-810-6127,경상북도 경산시 도로철도과,2025-07-31
조영동115,1,,경상북도 경산시 조영동 591,35.84137302,128.7557263,,한전주,053-810-6127,경상북도 경산시 도로철도과,2025-07-31
조영동116,1,,경상북도 경산시 조영동 591,35.84137302,128.7557263,2022.0,한전주,053-810-6127,경상북도 경산시 도로철도과,2025-07-31
조영동117,1,,경상북도 경산시 조영동 591,35.84137302,128.7557263,2021.0,전용주,053-810-6127,경상북도 경산시 도로철도과,2025-07-31
조영동118,1,,경상북도 경산시 조영동 591,35.84137302,128.7557263,2022.0,전용주,053-810-6127,경상북도 경산시 도로철도과,2025-07-31
조영동120,1,,경상북도 경산시 조영동 591,35.84137302,128.7557263,,한전주,053-810-6127,경상북도 경산시 도로철도과,2025-07-31
조영동122,1,,경상북도 경산시 조영동 254,35.84057368,128.7549152,,한전주,053-810-6127,경상북도 경산시 도로철도과,2025-07-31
조영동123,1,,경상북도 경산시 조영동575 어린이2공원,35.84038558,128.7540509,,한전주,053-810-6127,경상북도 경산시 도로철도과,2025-07-31
조영동124,1,,경상북도 경산시 조영동 592,35.84038483,128.7535438,,한전주,053-810-6127,경상북도 경산시 도로철도과,2025-07-31
조영동125,1,,경상북도 경산시 조영동 592,35.84038483,128.7535438,,한전주,053-810-6127,경상북도 경산시 도로철도과,2025-07-31
조영동126,1,,경상북도 경산시 조영동 593,35.839636,128.7535875,,한전주,053-810-6127,경상북도 경산시 도로철도과,2025-07-31
조영동127,1,,경상북도 경산시 조영동 580-1,35.83995306,128.7530467,,한전주,053-810-6127,경상북도 경산시 도로철도과,2025-07-31
조영동128,1,,경상북도 경산시 조영동 580-1,35.83996737,128.7530889,,한전주,053-810-6127,경상북도 경산시 도로철도과,2025-07-31
조영동129,1,,경상북도 경산시 조영동 577-9,35.84019479,128.7527991,,한전주,053-810-6127,경상북도 경산시 도로철도과,2025-07-31
조영동130,1,,경상북도 경산시 조영동 580-16,35.83919837,128.7536455,,한전주,053-810-6127,경상북도 경산시 도로철도과,2025-07-31
조영동131,1,,경상북도 경산시 조영동 579-5,35.83933684,128.7531572,,한전주,053-810-6127,경상북도 경산시 도로철도과,2025-07-31
조영동132,1,,경상북도 경산시 조영동 593,35.839636,128.7535875,,한전주,053-810-6127,경상북도 경산시 도로철도과,2025-07-31
조영동133,1,,경상북도 경산시 조영동 593,35.839636,128.7535875,,한전주,053-810-6127,경상북도 경산시 도로철도과,2025-07-31
조영동134,1,,경상북도 경산시 조영동 578-3,35.83924087,128.7526759,,한전주,053-810-6127,경상북도 경산시 도로철도과,2025-07-31
조영동135,1,,경상북도 경산시 조영동 578-5,35.83906908,128.7528472,,전용주,053-810-6127,경상북도 경산시 도로철도과,2025-07-31
조영동136,1,,경상북도 경산시 조영동 594,35.83853339,128.75298,,한전주,053-810-6127,경상북도 경산시 도로철도과,2025-07-31
조영동137,1,,경상북도 경산시 조영동 594,35.83853339,128.75298,,한전주,053-810-6127,경상북도 경산시 도로철도과,2025-07-31
조영동138,1,,경상북도 경산시 조영동 594,35.83853339,128.75298,,한전주,053-810-6127,경상북도 경산시 도로철도과,2025-07-31
조영동139,1,,경상북도 경산시 조영동 594,35.83853339,128.75298,,한전주,053-810-6127,경상북도 경산시 도로철도과,2025-07-31
조영동140,1,,경상북도 경산시 조영동 594,35.83853339,128.75298,,한전주,053-810-6127,경상북도 경산시 도로철도과,2025-07-31
조영동141,1,,경상북도 경산시 조영동 594,35.83853339,128.7529413,,한전주,053-810-6127,경상북도 경산시 도로철도과,2025-07-31
조영동142,1,,경상북도 경산시 조영동 594,35.83853339,128.75298,,한전주,053-810-6127,경상북도 경산시 도로철도과,2025-07-31
조영동143,1,,경상북도 경산시 조영동 594,35.83853339,128.75298,,한전주,053-810-6127,경상북도 경산시 도로철도과,2025-07-31
조영동144,1,,경상북도 경산시 조영동 594,35.83853339,128.75298,,한전주,053-810-6127,경상북도 경산시 도로철도과,2025-07-31
조영동145,1,,경상북도 경산시 조영동 594,35.83853339,128.75298,,한전주,053-810-6127,경상북도 경산시 도로철도과,2025-07-31
조영동146,1,,경상북도 경산시 조영동 594,35.83853339,128.75298,,한전주,053-810-6127,경상북도 경산시 도로철도과,2025-07-31
조영동147,1,,경상북도 경산시 조영동 593,35.839636,128.7535875,,한전주,053-810-6127,경상북도 경산시 도로철도과,2025-07-31
조영동148,1,,경상북도 경산시 조영동 595,35.83854627,128.7547989,,한전주,053-810-6127,경상북도 경산시 도로철도과,2025-07-31
조영동149,1,,경상북도 경산시 조영동 578-8,35.83882821,128.7531512,,한전주,053-810-6127,경상북도 경산시 도로철도과,2025-07-31
조영동150,1,,경상북도 경산시 조영동 280-43,35.83830728,128.7546771,,한전주,053-810-6127,경상북도 경산시 도로철도과,2025-07-31
조영동151,1,,경상북도 경산시 조영동 280-46,35.83828373,128.7545123,,한전주,053-810-6127,경상북도 경산시 도로철도과,2025-07-31
조영동152,1,,경상북도 경산시 조영동 280-7,35.83808356,128.7544433,,전용주,053-810-6127,경상북도 경산시 도로철도과,2025-07-31
조영동153,1,,경상북도 경산시 조영동 289,35.83875244,128.7555245,,전용주,053-810-6127,경상북도 경산시 도로철도과,2025-07-31
조영동154,1,,경상북도 경산시 조영동 582-6,35.83848459,128.7541334,,한전주,053-810-6127,경상북도 경산시 도로철도과,2025-07-31
조영동155,1,,경상북도 경산시 조영동 582-2,35.83882448,128.7537386,,한전주,053-810-6127,경상북도 경산시 도로철도과,2025-07-31
조영동156,1,,경상북도 경산시 조영동 582-1,35.83896138,128.7536944,,한전주,053-810-6127,경상북도 경산시 도로철도과,2025-07-31
조영동157,1,,경상북도 경산시 조영동 582-10,35.83873133,128.7536011,,한전주,053-810-6127,경상북도 경산시 도로철도과,2025-07-31
조영동158,1,,경상북도 경산시 조영동 582-14,35.83837355,128.7539925,,한전주,053-810-6127,경상북도 경산시 도로철도과,2025-07-31
조영동159,1,,경상북도 경산시 조영동 291-1,35.83876881,128.755117,,한전주,053-810-6127,경상북도 경산시 도로철도과,2025-07-31
조영동160,1,,경상북도 경산시 조영동 556,35.84386476,128.7540629,,한전주,053-810-6127,경상북도 경산시 도로철도과,2025-07-31
조영동161,1,,경상북도 경산시 조영동 585,35.84302807,128.7541296,,한전주,053-810-6127,경상북도 경산시 도로철도과,2025-07-31
조영동162,1,,경상북도 경산시 조영동 530-3,35.83840885,128.7585118,2020.0,한전주,053-810-6127,경상북도 경산시 도로철도과,2025-07-31
조영동165,1,,경상북도 경산시 조영동 297-1,35.83906276,128.7551838,,한전주,053-810-6127,경상북도 경산시 도로철도과,2025-07-31
조영동166,1,,경상북도 경산시 조영동 372-15,35.83816596,128.7591237,,한전주,053-810-6127,경상북도 경산시 도로철도과,2025-07-31
조영동167,1,,경상북도 경산시 조영동 356-14,35.83868518,128.7584111,,한전주,053-810-6127,경상북도 경산시 도로철도과,2025-07-31
조영동168,1,,경상북도 경산시 조영동 290,35.83890473,128.7554751,,전용주,053-810-6127,경상북도 경산시 도로철도과,2025-07-31
조영동169,1,,경상북도 경산시 조영동 251-2,35.84028148,128.7561705,,전용주,053-810-6127,경상북도 경산시 도로철도과,2025-07-31
조영동170,1,,경상북도 경산시 조영동 239-44,35.84045441,128.7567742,,한전주,053-810-6127,경상북도 경산시 도로철도과,2025-07-31
조영동171,1,,경상북도 경산시 조영동 284-8,35.8382643,128.7551922,,전용주,053-810-6127,경상북도 경산시 도로철도과,2025-07-31
조영동172,1,,경상북도 경산시 조영동 534-16,35.83860129,128.7569138,,한전주,053-810-6127,경상북도 경산시 도로철도과,2025-07-31
조영동173,1,,경상북도 경산시 조영동 329,35.83773936,128.7573121,,한전주,053-810-6127,경상북도 경산시 도로철도과,2025-07-31
조영동174,1,,경상북도 경산시 조영동 357-3,35.83842499,128.7591026,,한전주,053-810-6127,경상북도 경산시 도로철도과,2025-07-31
조영동175,1,,경상북도 경산시 조영동 533-1,35.83049163,128.7521801,,한전주,053-810-6127,경상북도 경산시 도로철도과,2025-07-31
조영동176,1,,경상북도 경산시 조영동 388-12,35.83789505,128.7587057,2018.0,한전주,053-810-6127,경상북도 경산시 도로철도과,2025-07-31
조영동177,1,,경상북도 경산시 조영동575 어린이2공원,35.84009396,128.7531937,,한전주,053-810-6127,경상북도 경산시 도로철도과,2025-07-31
조영동178,1,,경상북도 경산시 조영동575 어린이2공원,35.84018199,128.7536452,,한전주,053-810-6127,경상북도 경산시 도로철도과,2025-07-31
조영동179,1,,경상북도 경산시 조영동 592,35.84038483,128.7535438,,한전주,053-810-6127,경상북도 경산시 도로철도과,2025-07-31
조영동180,1,,경상북도 경산시 조영동 239-37,35.84068603,128.7568321,2018.0,한전주,053-810-6127,경상북도 경산시 도로철도과,2025-07-31
조영동181,1,,경상북도 경산시 조영동 243-64,35.83891914,128.7580051,,한전주,053-810-6127,경상북도 경산시 도로철도과,2025-07-31
조영동182,1,,경상북도 경산시 조영동 107-1,35.85162014,128.7519616,,한전주,053-810-6127,경상북도 경산시 도로철도과,2025-07-31
조영동183,1,,경상북도 경산시 조영동 595,35.83854627,128.7547989,,한전주,053-810-6127,경상북도 경산시 도로철도과,2025-07-31
조영동184,1,,경상북도 경산시 조영동 243-69,35.83915662,128.7580822,,한전주,053-810-6127,경상북도 경산시 도로철도과,2025-07-31
조영동185,1,,경상북도 경산시 조영동 594,35.83853339,128.75298,,한전주,053-810-6127,경상북도 경산시 도로철도과,2025-07-31
조영동186,1,,경상북도 경산시 조영동 253,35.84075861,128.7551254,,한전주,053-810-6127,경상북도 경산시 도로철도과,2025-07-31
조영동187,1,,경상북도 경산시 조영동 251-29,35.84023785,128.7556361,,한전주,053-810-6127,경상북도 경산시 도로철도과,2025-07-31
조영동188,1,,경상북도 경산시 조영동 388-1,35.83789884,128.7583264,,한전주,053-810-6127,경상북도 경산시 도로철도과,2025-07-31
조영동189,1,,경상북도 경산시 조영동 239-38,35.84060976,128.756929,2019.0,한전주,053-810-6127,경상북도 경산시 도로철도과,2025-07-31
조영동190,1,,경상북도 경산시 조영동 533-1,35.83049163,128.7521801,2019.0,전용주,053-810-6127,경상북도 경산시 도로철도과,2025-07-31
조영동191,1,,경상북도 경산시 조영동 239-16,35.83961649,128.7570328,,전용주,053-810-6127,경상북도 경산시 도로철도과,2025-07-31
조영동192,1,,경상북도 경산시 조영동 593,35.839636,128.7535875,,한전주,053-810-6127,경상북도 경산시 도로철도과,2025-07-31
조영동194,1,,경상북도 경산시 조영동 554,35.85058424,128.7471296,2021.0,한전주,053-810-6127,경상북도 경산시 도로철도과,2025-07-31
조영동195,1,,경상북도 경산시 조영동 591,35.84137302,128.7557263,,한전주,053-810-6127,경상북도 경산시 도로철도과,2025-07-31
조영동196,1,,경상북도 경산시 조영동 595,35.8385049,128.7547938,2022.0,한전주,053-810-6127,경상북도 경산시 도로철도과,2025-07-31
조영동197,1,,경상북도 경산시 조영동 251-84,35.8408125,128.7561707,2022.0,한전주,053-810-6127,경상북도 경산시 도로철도과,2025-07-31
조영동198,1,,경상북도 경산시 조영동 559-1,35.84308823,128.7533745,2023.0,한전주,053-810-6127,경상북도 경산시 도로철도과,2025-07-31
조영동199,1,,경상북도 경산시 조영동 389-12,35.83743076,128.7593075,2023.0,한전주,053-810-6127,경상북도 경산시 도로철도과,2025-07-31
